"","iso_ref","gene_ref","isoform_id","gene_id","condition_1","condition_2","gene_name","gene_biotype","iso_biotype","gene_overall_mean","gene_value_1","gene_value_2","gene_stderr_1","gene_stderr_2","gene_log2_fold_change","gene_q_value","iso_overall_mean","iso_value_1","iso_value_2","iso_stderr_1","iso_stderr_2","iso_log2_fold_change","iso_q_value","IF_overall","IF1","IF2","dIF","isoform_switch_q_value","gene_switch_q_value","PTC","codingPotentialValue","codingPotential","domain_identified","idr_identified","signal_peptide_identified","IR","switchConsequencesGene"
"44772","isoComp_00065826","geneComp_00019217","ENST00000491442.5","HIVEP3","U","T","HIVEP3","protein_coding","processed_transcript",2.07550174164434,2.2634409303641,1.88756255292459,0.272817642052058,0.410354389966392,-0.260730075077236,NA,0.734925239961292,1.31684277800237,0.153007701920212,0.214184068562133,0.153007701920212,-3.02498539431361,NA,0.373333333333333,0.685333333333333,0.0613333333333333,-0.624,0.0306273918059575,0.0306273918059575,NA,0.035767761706231,FALSE,NA,NA,NA,0,TRUE
"94714","isoComp_00013026","geneComp_00007682","ENST00000481960.1","ADGRF3","U","T","ADGRF3","protein_coding","processed_transcript",2.18240258129501,1.86222157680207,2.50258358578794,0.0233982985617496,0.264317140769383,0.424420403531301,NA,1.15193909481656,1.66241005588611,0.641468133747017,0.0304829592082625,0.340253814940009,-1.36016210628162,NA,0.571333333333333,0.872666666666667,0.27,-0.602666666666667,0.0472419198683655,0.026580942015849,NA,0.00095840834977674,FALSE,NA,NA,NA,0,TRUE
"134799","isoComp_00138962","geneComp_00033583","ENST00000453227.5","TMEM225B","U","T","TMEM225B","protein_coding","protein_coding",2.61757581480349,2.52531183746282,2.70983979214416,0.327766771991872,0.993044000162727,0.101358468032635,NA,1.17383770207267,1.69912325585185,0.648552148293486,0.335349266853621,0.344895387064712,-1.37588685099998,NA,0.3545,0.649666666666667,0.0593333333333333,-0.590333333333333,0.0116255031259863,0.0116255031259863,FALSE,0.99200720022578,TRUE,"no","no","no",0,TRUE
"144975","isoComp_00113873","geneComp_00028393","ENST00000583447.5","RDM1P5","U","T","RDM1P5","transcribed_processed_pseudogene","processed_transcript",1.26590214146496,1.06601331297749,1.46579096995243,0.117292411363574,0.417953073588198,0.455792465753042,NA,0.662088624318023,0.912714887905304,0.411462360730742,0.053649560185101,0.0248546361826095,-1.1304811395241,NA,0.7015,0.981666666666667,0.421333333333333,-0.560333333333333,0.000118609812543596,5.7346138579957e-05,NA,0.068524852465397,FALSE,NA,NA,NA,0,FALSE
"144976","isoComp_00113874","geneComp_00028393","ENST00000584586.1","RDM1P5","U","T","RDM1P5","transcribed_processed_pseudogene","transcribed_processed_pseudogene",1.26590214146496,1.06601331297749,1.46579096995243,0.117292411363574,0.417953073588198,0.455792465753042,NA,0.406857983175967,0,0.813715966351934,0,0.286412416081484,6.36407504810108,NA,0.262,0,0.524,0.524,5.7346138579957e-05,5.7346138579957e-05,NA,0.020154309098544,FALSE,NA,NA,NA,0,FALSE
"93077","isoComp_00058372","geneComp_00017839","ENST00000621208.4","FRMD3","U","T","FRMD3","protein_coding","protein_coding",1.86475626982421,2.23849193754666,1.49102060210177,0.512272589913971,0.0910431670219495,-0.583013932266766,NA,0.373918490102837,4.43096673010408e-05,0.747792670538373,4.33852300233088e-05,0.201777884699473,6.23735286800888,NA,0.279,0.0433333333333333,0.514666666666667,0.471333333333333,1.70841366751307e-05,1.70841366751307e-05,FALSE,0.99999947753833,TRUE,"yes","yes","no",0,TRUE
"128215","isoComp_00077583","geneComp_00021583","ENST00000452395.1","LINC01431","U","T","LINC01431","lncRNA","lncRNA",2.25634319541702,2.42826057807418,2.08442581275987,0.470084572072257,0.165325484517088,-0.219297532699938,NA,0.815275809413068,0.416382645553772,1.21416897327236,0.168783618317228,0.159509319808107,1.52158208397931,NA,0.345666666666667,0.119666666666667,0.571666666666667,0.452,0.000183144148986044,0.000183144148986044,NA,0.028353870131442,FALSE,NA,NA,NA,1,TRUE
"139717","isoComp_00133930","geneComp_00032754","ENST00000419593.5","SYS1-DBNDD2","U","T","SYS1-DBNDD2","protein_coding","nonsense_mediated_decay",7.32291427655484,6.5427422769213,8.10308627618839,0.722144030027945,0.519158547135717,0.308152039564484,NA,1.85611922579969,2.84923374648207,0.863004705117316,1.50311122952361,0.800000173196206,-1.71156723270052,NA,0.5995,0.819666666666667,0.379333333333333,-0.440333333333333,4.60888115767799e-06,4.60888115767799e-06,TRUE,0.8979560225749,TRUE,"yes","no","no",0,TRUE
"127529","isoComp_00058558","geneComp_00017871","ENST00000429929.1","FSIP2-AS1","U","T","FSIP2-AS1","lncRNA","lncRNA",1.62263586793357,1.60721246266911,1.63805927319803,0.278211083504357,0.0968109020249313,0.0272589040780925,NA,0.906874717197338,0.522151351485363,1.29159808290931,0.229598455023552,0.181126965020857,1.29037549882992,NA,0.423333333333333,0.207,0.639666666666667,0.432666666666667,0.00128113588020469,0.001154897173599,NA,0.0018475718669178,FALSE,NA,NA,NA,0,FALSE
"127530","isoComp_00058559","geneComp_00017871","ENST00000436557.5","FSIP2-AS1","U","T","FSIP2-AS1","lncRNA","lncRNA",1.62263586793357,1.60721246266911,1.63805927319803,0.278211083504357,0.0968109020249313,0.0272589040780925,NA,0.5836607595721,0.917552668104972,0.249768851039227,0.265011706301601,0.0560357991456454,-1.83620075571043,NA,0.460333333333333,0.659666666666667,0.261,-0.398666666666667,0.001154897173599,0.001154897173599,NA,0.00050771254135299,FALSE,NA,NA,NA,0,FALSE
"8329","isoComp_00150910","geneComp_00035637","ENST00000377838.8","ZFAT","U","T","ZFAT","protein_coding","protein_coding",3.76581266274723,3.60004564872305,3.9315796767714,0.32204940940665,0.355992626879257,0.126756858098827,NA,2.25719659092181,2.97321180022539,1.54118138161824,0.19557975426296,0.407453091613974,-0.943499016469429,NA,0.623833333333333,0.822333333333333,0.425333333333333,-0.397,0.006589142419515,1.13623103850067e-05,FALSE,1,TRUE,"yes","yes","no",0,TRUE
"75268","isoComp_00049428","geneComp_00016281","ENST00000359388.8","DYNC1I1","U","T","DYNC1I1","protein_coding","protein_coding",2.40277997390864,2.57291142935842,2.23264851845886,0.560390294553576,0.572493441246062,-0.203794642650942,NA,0.441730878309519,0.883461756619038,0,0.200319560816613,0,-6.48133407293213,NA,0.198166666666667,0.396333333333333,0,-0.396333333333333,5.56198306925412e-05,5.56198306925412e-05,FALSE,0.99999995119627,TRUE,"yes","yes","no",0,FALSE
"109591","isoComp_00100052","geneComp_00026255","ENST00000510859.5","PAX8-AS1","U","T","PAX8-AS1","lncRNA","lncRNA",2.44491946626281,2.41752121370088,2.47231771882473,0.891874101926355,1.29017092907849,0.0322038787117972,NA,0.363967794520945,0.727935588847148,1.94742829550277e-10,0.0991237068195978,1.94742829550277e-10,-6.20542296206645,NA,0.1835,0.366333333333333,0.000666666666666667,-0.365666666666667,0.000255612692362027,0.000255612692362027,NA,0.16078889188656,FALSE,NA,NA,NA,0,FALSE
"104975","isoComp_00150268","geneComp_00035551","ENST00000586438.5","ZBTB7C","U","T","ZBTB7C","protein_coding","protein_coding",1.92517441293446,2.21408130120978,1.63626752465914,0.22384976193727,0.591123400763423,-0.434010728513162,NA,0.369181219523876,0.22987984127658,0.508482597771172,0.15132414508769,0.0956573087731317,1.11198364425583,NA,0.4565,0.277666666666667,0.635333333333333,0.357666666666667,0.0475189501163171,0.0475189501163171,FALSE,0.99999999819244,TRUE,"yes","yes","no",0,FALSE
"127659","isoComp_00048112","geneComp_00016057","ENST00000514950.1","DOC2GP","U","T","DOC2GP","transcribed_unitary_pseudogene","transcribed_unitary_pseudogene",1.60436562149374,1.47780444311436,1.73092679987313,0.830716435153801,0.729598735170728,0.226670632584145,NA,0.392402094458266,0.607524228791945,0.177279960124586,0.324740524032612,0.0738933423647608,-1.72129921009655,NA,0.264333333333333,0.441,0.0876666666666667,-0.353333333333333,0.0448212844968935,0.0448212844968935,NA,0.99662078959896,TRUE,NA,NA,NA,0,TRUE
"124555","isoComp_00080014","geneComp_00022541","ENST00000455811.2","LMCD1-AS1","U","T","LMCD1-AS1","lncRNA","lncRNA",2.17046513281672,2.22677240310446,2.11415786252899,0.190897442617282,0.560115854103526,-0.0745274783188089,NA,0.380848888484736,0,0.761697776969473,0,0.388947584512041,6.26996404466633,NA,0.213666666666667,0.0376666666666667,0.389666666666667,0.352,0.000378702527643954,0.000378702527643954,NA,4.5172591431472e-05,FALSE,NA,NA,NA,0,FALSE
"147797","isoComp_00064254","geneComp_00018966","ENST00000612061.1","H4C15","U","T","H4C15","protein_coding","nonsense_mediated_decay",10.2862832696004,8.70028710383104,11.8722794353698,1.85210018953211,1.93576047239327,0.448019443820329,NA,6.34904831455988,3.71350962300916,8.9845870061106,1.11809900761169,1.72513210507961,1.27239395441863,NA,0.693666666666667,0.520333333333333,0.867,0.346666666666667,0.0467347558616446,0.0238720376152443,TRUE,0.90027965685542,TRUE,"yes","no","no",0,TRUE
"27372","isoComp_00075096","geneComp_00020975","ENST00000394319.8","LHX6","U","T","LHX6","protein_coding","protein_coding",1.41018026285368,1.77775767584275,1.0426028498646,0.930623461803473,0.484942780731719,-0.764189991655209,NA,0.521816610308277,1.04363322061655,0,0.531353926151505,0,-6.71922892877259,NA,0.310833333333333,0.481,0.140666666666667,-0.340333333333333,4.94530775637673e-05,4.94530775637673e-05,FALSE,0.99999269256778,TRUE,"yes","yes","no",0,FALSE
"93073","isoComp_00058368","geneComp_00017839","ENST00000304195.8","FRMD3","U","T","FRMD3","protein_coding","protein_coding",1.86475626982421,2.23849193754666,1.49102060210177,0.512272589913971,0.0910431670219495,-0.583013932266766,NA,1.16131163752934,1.67050977492618,0.652113500132497,0.0496346396770192,0.214792437189084,-1.34374848279816,NA,0.420833333333333,0.589333333333333,0.252333333333333,-0.337,0.0456718201807277,1.70841366751307e-05,FALSE,0.99999986270132,TRUE,"yes","yes","no",0,TRUE
"147796","isoComp_00064253","geneComp_00018966","ENST00000579512.2","H4C15","U","T","H4C15","protein_coding","protein_coding",10.2862832696004,8.70028710383104,11.8722794353698,1.85210018953211,1.93576047239327,0.448019443820329,NA,3.8028214095188,4.84502233366781,2.76062048536978,1.06563572176455,1.21957600084553,-0.809268825654033,NA,0.2935,0.462,0.125,-0.337,0.0238720376152443,0.0238720376152443,FALSE,0.9033015933642,TRUE,"yes","no","no",0,TRUE
"70104","isoComp_00085673","geneComp_00023390","ENST00000486123.1","MFSD6","U","T","MFSD6","protein_coding","retained_intron",1.48586880343657,1.47526644766084,1.4964711592123,0.172580593980966,0.178639501945697,0.0204512885215645,NA,0.204877826607396,0.409755653214792,0,0.183309599666055,0,-5.39147785021054,NA,0.284666666666667,0.441666666666667,0.127666666666667,-0.314,0.0198589680743272,0.0198589680743272,NA,0.17745271610391,FALSE,NA,NA,NA,0,TRUE
"120773","isoComp_00095295","geneComp_00025294","ENST00000356091.11","NPEPL1","U","T","NPEPL1","protein_coding","protein_coding",11.4177308443527,11.1750598814367,11.6604018072687,0.829795812238737,1.09288939207081,0.0612812531420904,NA,2.57522694358083,3.9635672080229,1.18688667913875,0.562194578230936,0.188224866487259,-1.7311481812285,NA,0.3195,0.475666666666667,0.163333333333333,-0.312333333333333,0.000198777697568101,0.000198777697568101,FALSE,0.99999992596306,TRUE,"yes","no","no",0,FALSE
"11623","isoComp_00099255","geneComp_00026137","ENST00000522811.1","PAG1","U","T","PAG1","protein_coding","retained_intron",2.50453154023735,2.6068535424868,2.40220953798791,0.32878382350518,0.264357464383594,-0.117477950065663,NA,0.442541971550471,0.885083943100942,0,0.236743475517589,0,-6.48395108298106,NA,0.179833333333333,0.333666666666667,0.026,-0.307666666666667,7.57350074996543e-05,7.57350074996543e-05,NA,0.50269236483291,FALSE,NA,NA,NA,0,TRUE
"23746","isoComp_00123050","geneComp_00030901","ENST00000345714.8","SGK3","U","T","SGK3","protein_coding","protein_coding",2.51709747784651,1.75560705982866,3.27858789586435,0.162412647141533,0.0878397685797601,0.897303927079265,NA,0.573562867129436,0.748882465973932,0.39824326828494,0.12840919297059,0.148491470866017,-0.894447364840659,NA,0.322166666666667,0.472,0.172333333333333,-0.299666666666667,0.0288546334341715,0.0288546334341715,FALSE,0.9999804722281,TRUE,"yes","yes","no",0,TRUE
"75102","isoComp_00064169","geneComp_00018917","ENST00000289316.2","H2BC5","U","T","H2BC5","protein_coding","protein_coding",11.0461998720252,9.49541843243624,12.5969813116142,0.63951912432383,1.83489849751056,0.407400828373634,NA,8.56503400859084,6.05156980680345,11.0784982103782,1.27576441456168,1.89110315507381,0.871300612925487,NA,0.6515,0.502333333333333,0.800666666666667,0.298333333333333,0.00194046967642177,0.00194046967642177,FALSE,0.98658591882206,TRUE,"yes","yes","no",0,FALSE
"75103","isoComp_00064170","geneComp_00018917","ENST00000377777.5","H2BC5","U","T","H2BC5","protein_coding","protein_coding",11.0461998720252,9.49541843243624,12.5969813116142,0.63951912432383,1.83489849751056,0.407400828373634,NA,2.48116586343437,3.4438486256328,1.51848310123594,0.637822803106094,0.156199898357599,-1.17610425218078,NA,0.3485,0.497666666666667,0.199333333333333,-0.298333333333333,0.00993644024530988,0.00194046967642177,FALSE,0.98681933452214,TRUE,"yes","yes","no",0,FALSE
"88754","isoComp_00065506","geneComp_00019157","ENST00000592695.1","HEXIM2","U","T","HEXIM2","protein_coding","protein_coding",8.52118380408164,8.43979477682954,8.60257283133374,0.238516543390184,0.647850869637982,0.0275279752974645,NA,2.80504611056322,4.18258343885853,1.4275087822679,0.613240476447291,0.0926031782953782,-1.54426872588889,NA,0.291,0.439333333333333,0.142666666666667,-0.296666666666667,0.00316348845968646,0.00316348845968646,FALSE,0.99920612420125,TRUE,"yes","yes","no",0,FALSE
"141479","isoComp_00027073","geneComp_00012599","ENST00000549124.1","BCDIN3D-AS1","U","T","BCDIN3D-AS1","lncRNA","lncRNA",2.09701434784407,2.31374100106031,1.88028769462782,0.18207293142172,0.250992575850793,-0.297843454283909,NA,0.288843986288601,0.577687972577202,0,0.262259595947617,0,-5.87697846780857,NA,0.258166666666667,0.405,0.111333333333333,-0.293666666666667,0.00590199141916439,0.00590199141916439,NA,0.4859132765039,FALSE,NA,NA,NA,0,TRUE
"104502","isoComp_00034291","geneComp_00013900","ENST00000509176.5","CCSER1","U","T","CCSER1","protein_coding","protein_coding",1.63307582854652,2.09748919472269,1.16866246237034,0.634849892311997,0.35678600816354,-0.838374606450294,NA,0.832010379683784,0.801906821260325,0.862113938107242,0.356188704390923,0.267972248225953,0.103202463938266,NA,0.402333333333333,0.255666666666667,0.549,0.293333333333333,0.0239351370938533,0.0239351370938533,FALSE,0.99999999993899,TRUE,"no","yes","no",0,TRUE
"139718","isoComp_00133931","geneComp_00032754","ENST00000452133.1","SYS1-DBNDD2","U","T","SYS1-DBNDD2","protein_coding","nonsense_mediated_decay",7.32291427655484,6.5427422769213,8.10308627618839,0.722144030027945,0.519158547135717,0.308152039564484,NA,4.7830427211398,3.5028800759472,6.06320536633239,1.56008020090042,1.34051851705475,0.78980382883569,NA,0.310333333333333,0.164666666666667,0.456,0.291333333333333,0.0131937126004649,4.60888115767799e-06,TRUE,0.79038020834624,TRUE,"yes","no","no",0,TRUE
"124342","isoComp_00137068","geneComp_00033271","ENST00000669120.1","THORLNC","U","T","THORLNC","lncRNA","lncRNA",1.8884118790672,1.85812508608552,1.91869867204888,0.279616242283971,0.446237662467461,0.0460367048581882,NA,0.822107311823647,1.20016545238182,0.444049171265474,0.348533699744717,0.14392965990624,-1.41428385675325,NA,0.483166666666667,0.628333333333333,0.338,-0.290333333333333,0.0278321188205029,0.0278321188205029,NA,0.0021923339091907,FALSE,NA,NA,NA,0,FALSE
"121295","isoComp_00078322","geneComp_00021856","ENST00000416103.2","LINC01881","U","T","LINC01881","transcribed_unprocessed_pseudogene","transcribed_unprocessed_pseudogene",3.91119106963865,4.2813012373895,3.54108090188781,0.33012836262172,0.543101286846919,-0.273156949128843,NA,0.66209352451165,1.32249184720493,0.00169520181836699,0.393047548678225,0.00169520181836699,-6.83206613793099,NA,0.193666666666667,0.338,0.0493333333333333,-0.288666666666667,2.0657531798937e-06,2.0657531798937e-06,NA,0.045146070249867,FALSE,NA,NA,NA,0,FALSE
"103777","isoComp_00152930","geneComp_00035959","ENST00000436087.6","ZNF438","U","T","ZNF438","protein_coding","protein_coding",7.85460767371048,8.00035246838739,7.70886287903356,0.847527761488731,0.852322137388846,-0.0534773955230108,NA,3.70698134857127,2.76241451111756,4.65154818602499,0.392513557777821,0.308259804313242,0.749666205262714,NA,0.415333333333333,0.272,0.558666666666667,0.286666666666667,0.00215897789765642,0.00215897789765642,FALSE,0.99999999956626,TRUE,"no","yes","no",1,FALSE
"36411","isoComp_00049980","geneComp_00016369","ENST00000318130.13","EDEM3","U","T","EDEM3","protein_coding","protein_coding",14.9773260987675,15.6455694423984,14.3090827551366,0.967416083310048,0.689095325169647,-0.128736904693906,NA,5.41917582597949,3.57534796227839,7.26300368968058,0.657785574383521,0.323976043496592,1.02043816720685,NA,0.379,0.238333333333333,0.519666666666667,0.281333333333333,1.8709917811002e-06,1.8709917811002e-06,FALSE,0.9999999999939,TRUE,"yes","yes","no",2,FALSE
"131859","isoComp_00035614","geneComp_00014117","ENST00000435695.1","CDK6-AS1","U","T","CDK6-AS1","lncRNA","lncRNA",11.3763714914935,12.7230739818619,10.029669001125,0.564606212811774,0.835780439393244,-0.342869046836069,NA,5.72518107997958,7.96365579506071,3.48670636489846,0.705734369041124,0.982962785379746,-1.18924467760922,NA,0.574333333333333,0.715,0.433666666666667,-0.281333333333333,0.0162775544968631,0.0162775544968631,NA,0.003116362108997,FALSE,NA,NA,NA,0,FALSE
"21416","isoComp_00062453","geneComp_00018566","ENST00000447366.5","GPR143","U","T","GPR143","protein_coding","protein_coding",7.2921516848336,7.32909224825009,7.25521112141711,0.64784036039481,0.597040323199741,-0.0145969091276235,NA,2.88662009041076,1.92264295860304,3.85059722221847,0.151578139968003,0.583608329471705,0.998248910133572,NA,0.451166666666667,0.311,0.591333333333333,0.280333333333333,0.00756345847669433,0.00756345847669433,FALSE,0.99572901184334,TRUE,"yes","no","no",0,TRUE
"123494","isoComp_00110497","geneComp_00027892","ENST00000447950.1","PTPRD-AS1","U","T","PTPRD-AS1","lncRNA","lncRNA",3.94580318419077,3.21232333535239,4.67928303302914,0.625575769558004,0.571383072153093,0.541266094383967,NA,0.452343590347062,0.692070042601894,0.21261713809223,0.0311895167146786,0.0468326182965453,-1.65705030711933,NA,0.217666666666667,0.354333333333333,0.081,-0.273333333333333,0.00802823545685998,0.00802823545685998,NA,0.0071428133411295,FALSE,NA,NA,NA,0,FALSE
"112798","isoComp_00036775","geneComp_00014305","ENST00000621014.1","CFAP299","U","T","CFAP299","protein_coding","protein_coding",2.6342663195783,1.04644437258811,4.22208826656849,0.0700052590423311,1.07685121923502,2.00215291363148,NA,0.839137300520463,0.0141735091399092,1.66410109190102,0.0141735091399092,1.14674293811009,6.11381592187838,NA,0.131666666666667,0,0.263333333333333,0.263333333333333,0.000473410285385773,0.000473410285385773,NA,0.0046182587059261,FALSE,NA,NA,NA,0,TRUE
"14200","isoComp_00151898","geneComp_00035797","ENST00000396878.8","ZNF213","U","T","ZNF213","protein_coding","protein_coding",12.0006308137941,11.604446277145,12.3968153504431,0.905300356841711,0.845043886632022,0.0952124693078413,NA,3.30208762991247,4.48866259227933,2.1155126675456,0.411946334985464,0.179491123590144,-1.08168530915343,NA,0.298333333333333,0.429666666666667,0.167,-0.262666666666667,0.033098083244293,0.033098083244293,FALSE,0.9999982900389,TRUE,"yes","yes","no",1,TRUE
"60869","isoComp_00059707","geneComp_00018087","ENST00000399218.8","GAREM1","U","T","GAREM1","protein_coding","protein_coding",3.59397897118682,4.14925979718262,3.03869814519103,1.39758448883329,0.613477775673044,-0.448133487269963,NA,2.59777799231089,2.66826420097733,2.52729178364444,1.19327269977559,0.586200557860632,-0.0780088481969246,NA,0.606833333333333,0.478666666666667,0.735,0.256333333333333,0.0127654008789731,0.00791890721784521,FALSE,0.99999999998242,TRUE,"yes","yes","no",0,TRUE
"88753","isoComp_00065505","geneComp_00019157","ENST00000591576.5","HEXIM2","U","T","HEXIM2","protein_coding","protein_coding",8.52118380408164,8.43979477682954,8.60257283133374,0.238516543390184,0.647850869637982,0.0275279752974645,NA,2.56670441164914,1.52165477591016,3.61175404738812,0.26200256330974,0.534581919674886,1.24159741577062,NA,0.3235,0.197,0.45,0.253,0.022606039612497,0.00316348845968646,FALSE,0.99920948858743,TRUE,"yes","yes","no",0,FALSE
"43926","isoComp_00067755","geneComp_00019667","ENST00000376112.4","ID1","U","T","ID1","protein_coding","protein_coding",2.24830334995167,2.77950098974578,1.71710571015755,0.350994912897241,0.361270871989932,-0.69165067533521,NA,1.98650680000632,2.63883805174198,1.33417554827066,0.371423462373175,0.320281015794278,-0.97863807569504,NA,0.808166666666667,0.933666666666667,0.682666666666667,-0.251,0.0138254316267114,0.0138254316267114,FALSE,0.98691247596095,TRUE,"yes","no","no",0,TRUE
"69432","isoComp_00109189","geneComp_00027683","ENST00000492427.2","PRSS53","U","T","PRSS53","protein_coding","retained_intron",1.91788312424403,1.84656575805672,1.98920049043134,0.100753760930249,0.227472736748072,0.106786745261743,NA,0.215099503634215,0.426000440645359,0.00419856662307074,0.0479489173458271,0.00419856662307074,-4.9405123941522,NA,0.127166666666667,0.248666666666667,0.00566666666666667,-0.243,0.00914252395422094,0.00914252395422094,NA,0.054939018510763,FALSE,NA,NA,NA,1,TRUE
"8333","isoComp_00150914","geneComp_00035637","ENST00000520214.5","ZFAT","U","T","ZFAT","protein_coding","protein_coding",3.76581266274723,3.60004564872305,3.9315796767714,0.32204940940665,0.355992626879257,0.126756858098827,NA,0.500813134855564,0.000726228703094867,1.00090004100803,0.000349529658490852,0.26691781556059,6.55835361893897,NA,0.134833333333333,0.0143333333333333,0.255333333333333,0.241,1.13623103850067e-05,1.13623103850067e-05,FALSE,1,TRUE,"yes","yes","no",0,TRUE
"14455","isoComp_00128777","geneComp_00031968","ENST00000619420.4","SNX10","U","T","SNX10","protein_coding","protein_coding",12.5740479739258,13.2109408071623,11.9371551406894,1.96405079867982,1.59312811296452,-0.14615771899662,NA,6.95586283733984,8.91446822344391,4.99725745123577,1.2919168832566,0.612522433358627,-0.833745572374396,NA,0.6325,0.751666666666667,0.513333333333333,-0.238333333333333,0.000117635610979234,0.000117635610979234,FALSE,0.78461534335772,TRUE,"yes","yes","no",0,FALSE
"42484","isoComp_00069956","geneComp_00020040","ENST00000642864.1","IQSEC2","U","T","IQSEC2","protein_coding","protein_coding",3.42770469833584,3.27112864361016,3.58428075306151,1.17774449888606,1.5526802912667,0.131510944795611,NA,0.185742744912156,0.371485489824311,0,0.0461338069342256,0,-5.25355627866638,NA,0.1305,0.248666666666667,0.0123333333333333,-0.236333333333333,0.0162231041341331,0.0162231041341331,FALSE,1,TRUE,"yes","yes","no",1,TRUE
"97246","isoComp_00130185","geneComp_00032202","ENST00000590959.5","SPHK1","U","T","SPHK1","protein_coding","protein_coding",4.46127901409698,4.72286338550425,4.1996946426897,0.413592718938497,0.730149941629536,-0.16899769039912,NA,0.461599137738814,0.0613952124232325,0.861803063054396,0.0613952124232325,0.174757919728133,3.61010303332414,NA,0.154666666666667,0.037,0.272333333333333,0.235333333333333,0.0115083560937577,0.0115083560937577,FALSE,0.99999186302987,TRUE,"yes","no","no",0,FALSE
"116155","isoComp_00065877","geneComp_00019227","ENST00000374843.9","HLA-DMA","U","T","HLA-DMA","protein_coding","protein_coding",8.65818113180405,8.63584247530809,8.68051978830002,5.51223916424374,5.00187317288981,0.00743591759399212,NA,0.763774875057305,0,1.52754975011461,0,0.667295770331119,7.26448928190623,NA,0.117,0,0.234,0.234,6.33422530908203e-07,6.33422530908203e-07,FALSE,0.99661109799341,TRUE,"yes","no","yes",0,TRUE
"77024","isoComp_00137573","geneComp_00033356","ENST00000581236.1","TLCD1","U","T","TLCD1","protein_coding","protein_coding",3.98130089732574,4.09548545284383,3.86711634180765,0.333473020723998,0.447318323686801,-0.0825687963382205,NA,0.456898158724505,0.91379631744901,0,0.32298828987538,0,-6.5295028900366,NA,0.158666666666667,0.274666666666667,0.0426666666666667,-0.232,0.000118609812543596,0.000118609812543596,NA,0.014902960810287,FALSE,NA,NA,NA,0,TRUE
"55739","isoComp_00067893","geneComp_00019690","ENST00000376377.2","IER3","U","T","IER3","protein_coding","protein_coding",2.26455566553359,2.11009531627675,2.41901601479042,0.404720608763193,0.0881135745660022,0.196242874232357,NA,0.619149168493122,0.246804053576771,0.991494283409473,0.124312093422136,0.326256864585349,1.96341430591147,NA,0.115666666666667,0,0.231333333333333,0.231333333333333,0.0119379575411382,0.0015562852029908,NA,0.63032855592006,FALSE,NA,NA,NA,1,TRUE
"55738","isoComp_00067892","geneComp_00019690","ENST00000259874.6","IER3","U","T","IER3","protein_coding","protein_coding",2.26455566553359,2.11009531627675,2.41901601479042,0.404720608763193,0.0881135745660022,0.196242874232357,NA,1.64540649704046,1.86329126269998,1.42752173138095,0.355672964376371,0.253825579289123,-0.381991464035762,NA,0.8845,1,0.769,-0.231,0.0015562852029908,0.0015562852029908,FALSE,0.96554494284346,TRUE,"no","yes","no",0,TRUE
"93871","isoComp_00131342","geneComp_00032369","ENST00000532881.5","SSH3","U","T","SSH3","protein_coding","nonsense_mediated_decay",2.45215287283416,2.40564977412084,2.49865597154747,0.532434341973369,0.18940649424367,0.0545033331494999,NA,0.236602607442979,0.472017960512543,0.00118725437341446,0.0759338936994483,0.00118725437341446,-5.42915899171592,NA,0.117166666666667,0.232666666666667,0.00166666666666667,-0.231,0.00520077599160862,0.00520077599160862,TRUE,0.99999946267328,TRUE,"yes","yes","no",1,TRUE
"25257","isoComp_00151107","geneComp_00035672","ENST00000586578.1","ZFR2","U","T","ZFR2","protein_coding","nonsense_mediated_decay",14.5042323597635,15.0214578801404,13.9870068393867,1.2186882896878,2.31264874458689,-0.102866590968311,NA,6.48674527266027,5.04630354398127,7.92718700133926,0.723716699159822,1.5445286235355,0.650544720882739,NA,0.507166666666667,0.392,0.622333333333333,0.230333333333333,0.00186966355178507,0.00186966355178507,NA,0.019446602066274,FALSE,NA,NA,NA,0,FALSE
"46291","isoComp_00133295","geneComp_00032652","ENST00000434526.7","SUMF2","U","T","SUMF2","protein_coding","protein_coding",51.5121101062004,56.6488241283101,46.3753960840907,2.25483060925251,1.90200441688313,-0.288630000316345,NA,12.7681953442241,19.5633826375929,5.97300805085522,0.578921388645939,0.265478179444988,-1.70995019210682,NA,0.2555,0.370333333333333,0.140666666666667,-0.229666666666667,6.50869469322533e-23,6.50869469322533e-23,FALSE,0.99894851843402,TRUE,"yes","no","yes",0,TRUE
"10468","isoComp_00038396","geneComp_00014571","ENST00000421085.6","CLCN4","U","T","CLCN4","protein_coding","protein_coding",5.32254561142971,5.61088805257044,5.03420317028898,0.878639864116429,0.79526443482784,-0.156171696345445,NA,0.607659197571808,1.21101009585414,0.00430829928947838,0.519709174409247,0.00428359850246577,-6.41507911809906,NA,0.1205,0.235,0.006,-0.229,1.19968107804804e-05,3.51963420673982e-11,FALSE,0.99999999672659,TRUE,"yes","no","no",0,TRUE
"10467","isoComp_00038395","geneComp_00014571","ENST00000380833.9","CLCN4","U","T","CLCN4","protein_coding","protein_coding",5.32254561142971,5.61088805257044,5.03420317028898,0.878639864116429,0.79526443482784,-0.156171696345445,NA,4.7148864138579,4.3998779567163,5.0298948709995,0.693614694311494,0.791961135471683,0.192654910559333,NA,0.8795,0.765,0.994,0.229,3.51963420673982e-11,3.51963420673982e-11,FALSE,0.99999999985299,TRUE,"yes","no","no",0,TRUE
"117266","isoComp_00100590","geneComp_00026323","ENST00000356878.5","PCDHA7","U","T","PCDHA7","protein_coding","protein_coding",1.46588193281896,1.64784642471355,1.28391744092436,0.334890306310304,0.167170339595052,-0.357564800014827,NA,0.814358386012925,1.13870928520463,0.490007486821216,0.10849675356179,0.173547695486858,-1.19999212537053,NA,0.885833333333333,1,0.771666666666667,-0.228333333333333,0.0262984645165877,0.0262984645165877,FALSE,0.99999999996217,TRUE,"yes","no","yes",0,TRUE
"117267","isoComp_00100591","geneComp_00026323","ENST00000525929.2","PCDHA7","U","T","PCDHA7","protein_coding","protein_coding",1.46588193281896,1.64784642471355,1.28391744092436,0.334890306310304,0.167170339595052,-0.357564800014827,NA,0.651523546806033,0.509137139508917,0.793909954103148,0.271490061249347,0.340167478511264,0.630918211242512,NA,0.114166666666667,0,0.228333333333333,0.228333333333333,0.0349847159093968,0.0262984645165877,FALSE,0.99999999999952,TRUE,"yes","yes","yes",0,TRUE
"46682","isoComp_00050568","geneComp_00016483","ENST00000556785.1","EGLN3","U","T","EGLN3","protein_coding","retained_intron",4.64294723229988,3.82909908336563,5.45679538123413,0.15642268470326,0.896998088654014,0.509927582162802,NA,0.586069220075947,1.17213842448804,1.56638533030173e-08,0.446413998687691,1.56638533030173e-08,-6.8852529101707,NA,0.114166666666667,0.228333333333333,0,-0.228333333333333,7.39559298945266e-07,7.39559298945266e-07,NA,0.42245792418286,FALSE,NA,NA,NA,0,TRUE
"53924","isoComp_00043627","geneComp_00015412","ENST00000258415.9","CYP27A1","U","T","CYP27A1","protein_coding","protein_coding",4.71478969762891,5.04336176172095,4.38621763353686,0.966737407843489,0.819887128750774,-0.200980655505517,NA,3.27757944891816,3.01046934194011,3.54468955589621,0.51997022273677,0.616943972910599,0.234950826333114,NA,0.716,0.604,0.828,0.224,0.00305463743773369,0.00305463743773369,FALSE,0.99999989165212,TRUE,"yes","no","no",0,TRUE
"46302","isoComp_00133306","geneComp_00032652","ENST00000651354.1","SUMF2","U","T","SUMF2","protein_coding","protein_coding",51.5121101062004,56.6488241283101,46.3753960840907,2.25483060925251,1.90200441688313,-0.288630000316345,NA,9.08730749932822,4.38447065255095,13.7901443461055,1.69976941427409,0.94319066001199,1.65092205997151,NA,0.174,0.064,0.284,0.22,0.00450086227699113,6.50869469322533e-23,FALSE,0.99894858220938,TRUE,"yes","no","no",0,TRUE
"141658","isoComp_00107774","geneComp_00027440","ENST00000585246.5","PPT2-EGFL8","U","T","PPT2-EGFL8","protein_coding","nonsense_mediated_decay",6.89395753754696,7.00905798739792,6.778857087696,1.19173505378065,0.519925583315454,-0.0481087070813806,NA,0.698536778561676,1.39707355712335,0,0.656563164676241,0,-7.13655393961656,NA,0.155666666666667,0.265666666666667,0.0456666666666667,-0.22,1.70351082200789e-06,1.70351082200789e-06,TRUE,0.87401578202183,TRUE,"no","no","yes",0,TRUE
"109773","isoComp_00068762","geneComp_00019854","ENST00000072516.7","IL1RAP","U","T","IL1RAP","protein_coding","protein_coding",1.87122636480844,1.82211586158004,1.92033686803684,0.358233401389403,0.473358378103686,0.0753418966449465,NA,0.2969855875797,6.91595269120172e-11,0.593971175090241,6.91595269120172e-11,0.0675004256926201,5.9164077825616,NA,0.115833333333333,0.00766666666666667,0.224,0.216333333333333,0.000471079740967351,0.000471079740967351,FALSE,0.99999940417394,TRUE,"yes","no","yes",0,TRUE
"40870","isoComp_00020605","geneComp_00011195","ENST00000463340.1","ANXA11","U","T","ANXA11","protein_coding","processed_transcript",22.4547611909463,21.0799187948948,23.8296035869979,0.831224497711983,0.664331514896528,0.176806706221448,NA,2.78062763102604,0.439657128312487,5.1215981337396,0.0309252862571095,0.278066225188992,3.51251094964979,NA,0.134833333333333,0.0266666666666667,0.243,0.216333333333333,5.37206562986424e-25,5.37206562986424e-25,NA,0.047803135191678,FALSE,NA,NA,NA,0,TRUE
"63928","isoComp_00137116","geneComp_00033284","ENST00000413152.3","THSD7B","U","T","THSD7B","protein_coding","protein_coding",1.98489144292303,1.90305111076859,2.06673177507747,0.204415885870914,0.180417057168054,0.118439475202243,NA,0.27791446842527,0.555828933714656,3.1358837973525e-09,0.185753746929273,3.1358837973525e-09,-5.82229359343927,NA,0.109166666666667,0.216666666666667,0.00166666666666667,-0.215,0.00121500623777425,0.00121500623777425,FALSE,1,TRUE,"yes","no","no",0,TRUE
"17724","isoComp_00147961","geneComp_00035085","ENST00000351071.11","WASHC2A","U","T","WASHC2A","protein_coding","protein_coding",21.4037668840104,21.19537316624,21.6121606017807,0.795787513756294,0.705208429839951,0.0280808207677883,NA,8.08168792958839,10.0497286564135,6.11364720276328,0.392008018078416,0.515208315566892,-0.716128318089304,NA,0.3805,0.487666666666667,0.273333333333333,-0.214333333333333,0.00141390920892141,0.00141390920892141,FALSE,1,TRUE,"yes","yes","no",0,TRUE
"123615","isoComp_00141321","geneComp_00033992","ENST00000606714.6","TRAM2-AS1","U","T","TRAM2-AS1","lncRNA","lncRNA",6.51344869942988,7.13791891945921,5.88897847940054,0.411943003684836,0.615934908912791,-0.277058123690728,NA,0.77618344408994,1.48059980955538,0.0717670786244986,0.437584198930198,0.0717670786244987,-4.18822907357519,NA,0.152166666666667,0.258333333333333,0.046,-0.212333333333333,0.0265579646093708,0.0265579646093708,NA,0.032955004770331,FALSE,NA,NA,NA,1,TRUE
"60664","isoComp_00080922","geneComp_00022711","ENST00000579971.5","LRRC46","U","T","LRRC46","protein_coding","nonsense_mediated_decay",1.43632414894461,1.28930425759802,1.5833440402912,0.0907989244839599,0.178667683272601,0.29431850643159,NA,0.178986876094414,0,0.357973752188827,0,0.116761109014127,5.20153095644807,NA,0.139166666666667,0.0333333333333333,0.245,0.211666666666667,0.0379509468833246,0.0379509468833246,NA,0.51100568691939,FALSE,NA,NA,NA,0,TRUE
"42954","isoComp_00091173","geneComp_00024663","ENST00000265460.9","MYRF","U","T","MYRF","protein_coding","protein_coding",5.76928217989289,5.84132713687568,5.69723722291011,0.276799306257064,0.162284673155164,-0.0359713485396511,NA,2.38501266019908,1.81546469571392,2.95456062468423,0.201507031218887,0.16377214999556,0.699554532380979,NA,0.479666666666667,0.374333333333333,0.585,0.210666666666667,0.0112596572221044,0.0112596572221044,FALSE,1,TRUE,"yes","yes","no",0,TRUE
"130540","isoComp_00154735","geneComp_00036274","ENST00000434898.6","ZNF815P","U","T","ZNF815P","transcribed_unprocessed_pseudogene","transcribed_unprocessed_pseudogene",6.02549931147884,6.89834832435512,5.15265029860256,0.402381320262283,0.854851279302932,-0.420228948652084,NA,1.55959553348915,1.34952193650109,1.76966913047721,0.534345529288638,0.563282533563918,0.388509615492117,NA,0.413166666666667,0.308,0.518333333333333,0.210333333333333,0.0207278433635669,0.0207278433635669,NA,0.58168328901429,FALSE,NA,NA,NA,1,TRUE
"29944","isoComp_00067370","geneComp_00019599","ENST00000532505.1","HTATIP2","U","T","HTATIP2","protein_coding","protein_coding",1.92112099532682,1.20990849117914,2.63233349947449,0.297518436311622,0.705707447485128,1.11503963521493,NA,0.129616735906696,0.259233471813391,0,0.0366427901690033,0,-4.75078587562801,NA,0.103833333333333,0.207666666666667,0,-0.207666666666667,0.0159624635718969,0.0159624635718969,NA,0.46872044655473,FALSE,NA,NA,NA,0,TRUE
"40338","isoComp_00101800","geneComp_00026531","ENST00000466780.5","PDZRN3","U","T","PDZRN3","protein_coding","protein_coding",3.08906192542863,3.7794222117956,2.39870163906166,0.994393654716302,0.957742599320027,-0.653722190777608,NA,0.239269515562023,0.000239856834052231,0.478299174289994,0.000239856834052231,0.225095467408689,5.575497888473,NA,0.1005,0,0.201,0.201,0.0250653799938346,0.0250653799938346,FALSE,0.99999999993313,TRUE,"yes","yes","no",1,TRUE
"58155","isoComp_00053492","geneComp_00016915","ENST00000539633.1","ETFBKMT","U","T","ETFBKMT","protein_coding","protein_coding",1.36414640543494,1.49596534984161,1.23232746102828,0.0891892203235329,0.0264012237029939,-0.277643077047082,NA,0.189427399660431,0.375153010161007,0.00370178915985555,0.126072439671339,0.00370178915985555,-4.81299550509793,NA,0.0988333333333333,0.197666666666667,0,-0.197666666666667,0.0396361903184959,0.0396361903184959,NA,0.055041390946882,FALSE,NA,NA,NA,0,TRUE
"61966","isoComp_00153066","geneComp_00035984","ENST00000270617.8","ZNF473","U","T","ZNF473","protein_coding","protein_coding",14.267459969706,14.3592536098604,14.1756663295516,0.525082107597254,0.203680319135085,-0.0185512065104659,NA,10.1108332541156,8.99926844648832,11.2223980617428,0.100265285307055,0.0451431868419752,0.318184099994356,NA,0.692833333333333,0.597333333333333,0.788333333333333,0.191,0.0315312387206304,0.0315312387206304,FALSE,0.99999999995894,TRUE,"yes","yes","no",0,FALSE
"57645","isoComp_00027962","geneComp_00012750","ENST00000440890.7","BMPR1B","U","T","BMPR1B","protein_coding","protein_coding",6.52264402700238,6.65089207413962,6.39439597986513,0.477899882633929,0.411805220994671,-0.0566528946791631,NA,1.99729258952707,2.90840184392582,1.08618333512831,0.868041957063465,0.209007754173996,-1.41268943894531,NA,0.172666666666667,0.268,0.0773333333333333,-0.190666666666667,0.00607285521878568,0.00607285521878568,FALSE,0.99999121487922,TRUE,"yes","no","yes",0,TRUE
"14448","isoComp_00128770","geneComp_00031968","ENST00000396376.5","SNX10","U","T","SNX10","protein_coding","protein_coding",12.5740479739258,13.2109408071623,11.9371551406894,1.96405079867982,1.59312811296452,-0.14615771899662,NA,1.62012997800303,0.1793968622868,3.06086309371925,0.1012268145105,1.25758076451281,4.01915985984241,NA,0.100333333333333,0.00566666666666667,0.195,0.189333333333333,0.00591303639711929,0.000117635610979234,FALSE,0.80004129819154,TRUE,"yes","yes","no",0,FALSE
"47438","isoComp_00145601","geneComp_00034671","ENST00000517497.2","UNC13A","U","T","UNC13A","protein_coding","retained_intron",4.01863979258819,3.82407872498437,4.21320086019202,0.992156047857311,0.732150902246018,0.139456904863429,NA,0.328454028120849,0,0.656908056241698,0,0.332502898598721,6.05941597181829,NA,0.133333333333333,0.039,0.227666666666667,0.188666666666667,0.0239647165883795,0.0239647165883795,NA,0.9907865226619,TRUE,NA,NA,NA,0,TRUE
"60870","isoComp_00059708","geneComp_00018087","ENST00000578619.1","GAREM1","U","T","GAREM1","protein_coding","processed_transcript",3.59397897118682,4.14925979718262,3.03869814519103,1.39758448883329,0.613477775673044,-0.448133487269963,NA,0.279479285554927,0.558958571109853,0,0.0796771988260959,0,-5.83025170096866,NA,0.0928333333333333,0.185666666666667,0,-0.185666666666667,0.00791890721784521,0.00791890721784521,NA,0.69444779931257,FALSE,NA,NA,NA,0,TRUE
"150388","isoComp_00134213","geneComp_00032801","ENST00000620628.4","TADA2A","U","T","TADA2A","protein_coding","nonsense_mediated_decay",23.1112088950385,23.6457415909119,22.576676199165,1.65538252256676,1.60067786946153,-0.0667184062112388,NA,5.67832270152009,3.95012113153031,7.40652427150988,0.677832846710878,0.0424278733514872,0.905198671279516,NA,0.305666666666667,0.213666666666667,0.397666666666667,0.184,0.00358872636460667,0.00358872636460667,TRUE,0.99996966532545,TRUE,"yes","no","no",0,TRUE
"105439","isoComp_00095913","geneComp_00025410","ENST00000442628.7","NRBP2","U","T","NRBP2","protein_coding","protein_coding",18.7810306822166,18.544314188188,19.0177471762451,2.00330532323707,2.43738643994965,0.0363500847307528,NA,8.58554825267241,6.9849248975586,10.1861716077862,1.28265007750925,1.72881429451725,0.543647087318917,NA,0.399833333333333,0.309333333333333,0.490333333333333,0.181,0.0478115000886079,0.0091316080827431,FALSE,0.99999989001978,TRUE,"yes","yes","no",0,TRUE
"51801","isoComp_00117257","geneComp_00029676","ENST00000616279.4","ROCK2","U","T","ROCK2","protein_coding","protein_coding",21.2641122074099,20.9743049975594,21.5539194172605,1.13553471718983,1.56920245285432,0.0393087416492189,NA,2.12793511142635,0.435409734950461,3.82046048790224,0.217742578476746,1.48171146209445,3.10431284421626,NA,0.136833333333333,0.0466666666666667,0.227,0.180333333333333,0.0251934331749836,7.84438385351876e-10,FALSE,1,TRUE,"yes","yes","no",0,TRUE
"44243","isoComp_00101113","geneComp_00026429","ENST00000246535.4","PDCD2L","U","T","PDCD2L","protein_coding","protein_coding",14.1544884579618,13.6597748009122,14.6492021150114,0.51092929576933,2.04489749102017,0.100817105389409,NA,9.89630437221402,11.0375290827753,8.75507966165275,0.0304751093504946,1.30745394836694,-0.3338846208867,NA,0.77,0.859666666666667,0.680333333333333,-0.179333333333333,5.55346993632524e-10,5.55346993632524e-10,FALSE,0.99974174371752,TRUE,"yes","no","no",0,TRUE
"103763","isoComp_00122907","geneComp_00030889","ENST00000355697.7","SFXN4","U","T","SFXN4","protein_coding","protein_coding",22.1198626560983,25.4742383311969,18.7654869809997,0.592360722689296,0.201627860298376,-0.440754907353211,NA,13.9408235483462,14.4389955969182,13.4426514997742,0.0784106069932631,0.215477049047959,-0.103078655059379,NA,0.602333333333333,0.512666666666667,0.692,0.179333333333333,4.60888115767799e-06,4.60888115767799e-06,FALSE,0.99744609212144,TRUE,"yes","no","no",0,TRUE
"37598","isoComp_00082403","geneComp_00022969","ENST00000475314.5","MAN1C1","U","T","MAN1C1","protein_coding","processed_transcript",4.78736501783241,4.4874254147552,5.08730462090961,0.577866524231472,0.36626257920855,0.180635216930045,NA,0.510428935359345,0.886934923770297,0.133922946948393,0.104403532722864,0.0785673767441972,-2.63970668317528,NA,0.0923333333333333,0.181666666666667,0.003,-0.178666666666667,0.0320055333241249,0.0320055333241249,NA,0.98743862196711,TRUE,NA,NA,NA,0,TRUE
"79055","isoComp_00068477","geneComp_00019806","ENST00000614243.4","IGSF8","U","T","IGSF8","protein_coding","protein_coding",21.669405333529,20.5167768097689,22.8220338572891,2.50986703743446,3.37321969850654,0.153552271347111,NA,15.1874304082454,12.3481811393465,18.0266796771443,1.02760173992722,1.9934893973612,0.545467356335027,NA,0.781666666666667,0.693333333333333,0.87,0.176666666666667,1.14983580732044e-06,1.14983580732044e-06,FALSE,0.99999997563657,TRUE,"yes","no","yes",0,FALSE
"79321","isoComp_00110836","geneComp_00027931","ENST00000398658.2","PUS10","U","T","PUS10","protein_coding","protein_coding",7.71406932176899,8.02494558864173,7.40319305489625,0.928278286078999,0.870964468735617,-0.116193171591784,NA,3.55290921071173,4.40929377949846,2.696524641925,0.447780335997036,0.331164426679486,-0.707374316375359,NA,0.435166666666667,0.523,0.347333333333333,-0.175666666666667,0.00400737949093927,0.00400737949093927,NA,0.0014178959417516,FALSE,NA,NA,NA,0,TRUE
"44943","isoComp_00026001","geneComp_00012447","ENST00000374298.4","AUNIP","U","T","AUNIP","protein_coding","protein_coding",7.38568441773687,7.6675019258031,7.10386690967065,0.215830726489329,0.315171082944587,-0.11000298520231,NA,6.73931728441492,7.58163112087907,5.89700344795077,0.200016062452599,0.144355042925761,-0.361983439104679,NA,0.875,0.962666666666667,0.787333333333333,-0.175333333333333,0.00673560231101544,0.00673560231101544,FALSE,0.99844932181961,TRUE,"yes","yes","no",0,FALSE
"44944","isoComp_00026002","geneComp_00012447","ENST00000538789.5","AUNIP","U","T","AUNIP","protein_coding","protein_coding",7.38568441773687,7.6675019258031,7.10386690967065,0.215830726489329,0.315171082944587,-0.11000298520231,NA,0.646367133321949,0.0858708049240218,1.20686346171988,0.0858708049240219,0.269607788952626,3.66593194404402,NA,0.125,0.0373333333333333,0.212666666666667,0.175333333333333,0.0331882053331445,0.00673560231101544,FALSE,0.99895864463655,TRUE,"yes","yes","no",0,FALSE
"10611","isoComp_00131687","geneComp_00032424","ENST00000448044.5","ST6GAL1","U","T","ST6GAL1","protein_coding","protein_coding",32.0068342966194,34.2300861560751,29.7835824371637,1.08903309433074,2.00380286112492,-0.200684725481898,NA,4.2503495532007,2.13114388014303,6.36955522625837,0.479198886677165,0.63697636209108,1.57507409989564,NA,0.163666666666667,0.0763333333333333,0.251,0.174666666666667,1.40878297219396e-07,1.40878297219396e-07,FALSE,0.99996502833247,TRUE,"yes","no","no",0,FALSE
"94715","isoComp_00013027","geneComp_00007682","ENST00000487878.1","ADGRF3","U","T","ADGRF3","protein_coding","processed_transcript",2.18240258129501,1.86222157680207,2.50258358578794,0.0233982985617496,0.264317140769383,0.424420403531301,NA,0.204801906901296,0,0.409603813802591,0,0.090198232352489,5.39095588559825,NA,0.103166666666667,0.0163333333333333,0.19,0.173666666666667,0.026580942015849,0.026580942015849,NA,0.69234812757868,FALSE,NA,NA,NA,0,TRUE
"14427","isoComp_00057947","geneComp_00017714","ENST00000458311.6","FOLH1","U","T","FOLH1","protein_coding","retained_intron",4.9088345295475,5.97210660171465,3.84556245738036,1.11757627280373,0.369010939546323,-0.633712280837917,NA,0.631055311780788,1.24789722921692,0.0142133943446578,0.393628770513187,0.0142133928983527,-5.69906491083653,NA,0.0861666666666667,0.172333333333333,0,-0.172333333333333,0.000103755702476606,0.000103755702476606,NA,0.99989642487863,TRUE,NA,NA,NA,0,TRUE
"104297","isoComp_00039686","geneComp_00014768","ENST00000640714.1","CNTN2","U","T","CNTN2","protein_coding","retained_intron",13.700473652777,13.5742538691653,13.8266934363886,3.92740686886746,4.72033423611839,0.0265638963472431,NA,0.450756916426469,0.901513832852939,0,0.520502033379974,0,-6.51019264521311,NA,0.1405,0.225666666666667,0.0553333333333333,-0.170333333333333,0.00735065711261679,0.00735065711261679,NA,0.73211853479432,TRUE,NA,NA,NA,0,TRUE
"95957","isoComp_00030229","geneComp_00013257","ENST00000534941.2","C3orf33","U","T","C3orf33","protein_coding","protein_coding",5.98398491219582,6.06710623183606,5.90086359255559,0.303798383892436,0.242606696000118,-0.0400155840641766,NA,1.15096674357895,2.28466316729944,0.0172703198584642,1.40969426586824,0.00973299899457699,-6.39480696433886,NA,0.0851666666666667,0.169333333333333,0.001,-0.168333333333333,0.0317904570930428,0.0317904570930428,FALSE,0.96935779503381,TRUE,"no","no","no",0,TRUE
"101630","isoComp_00000182","geneComp_00000032","ENST00000570932.5","AATK","U","T","AATK","protein_coding","nonsense_mediated_decay",6.65750350846143,7.59452925984135,5.72047775708152,0.418236554690544,0.740612932241495,-0.408203520852665,NA,0.445992056779396,0.0467673148880328,0.845216798670759,0.0264243306643013,0.032122768771123,3.91315778319318,NA,0.085,0.002,0.168,0.166,0.00106666112081719,0.00106666112081719,TRUE,0.98819559202498,TRUE,"no","yes","no",0,TRUE
"151188","isoComp_00046244","geneComp_00015792","ENST00000611337.4","DHRS11","U","T","DHRS11","protein_coding","protein_coding",17.0347439676253,18.3428478701505,15.7266400651002,1.20514144237803,1.55608474726272,-0.221876404587875,NA,4.02939285673668,2.71013541692753,5.34865029654584,1.13938705961683,1.53235005851501,0.978191194221897,NA,0.159333333333333,0.0766666666666667,0.242,0.165333333333333,3.05544996962779e-07,3.05544996962779e-07,FALSE,0.99339374494439,TRUE,"yes","no","no",0,TRUE
"105446","isoComp_00095920","geneComp_00025410","ENST00000533093.5","NRBP2","U","T","NRBP2","protein_coding","retained_intron",18.7810306822166,18.544314188188,19.0177471762451,2.00330532323707,2.43738643994965,0.0363500847307528,NA,2.0218237931726,3.05571232746638,0.987935258878814,0.725662063755413,0.2874059225698,-1.61920419862443,NA,0.190666666666667,0.272666666666667,0.108666666666667,-0.164,0.0091316080827431,0.0091316080827431,NA,0.99970638935122,TRUE,NA,NA,NA,1,TRUE
"93117","isoComp_00070167","geneComp_00020083","ENST00000558992.1","ISG20","U","T","ISG20","protein_coding","processed_transcript",6.25018367977116,4.6987254556902,7.80164190385213,2.38384094277733,2.87565107152369,0.730289207543431,NA,3.5637799904668,3.37084074412229,3.7567192368113,2.57431568408284,2.92010990776628,0.155926442797356,NA,0.805166666666667,0.887,0.723333333333333,-0.163666666666667,0.0215618649932879,0.0215618649932879,NA,9.5366307974592e-05,FALSE,NA,NA,NA,0,TRUE
"49777","isoComp_00044846","geneComp_00015618","ENST00000622873.4","DDC","U","T","DDC","protein_coding","protein_coding",2.42484451308006,2.97800434942731,1.87168467673281,0.695361250909834,0.576538332124381,-0.667157359426419,NA,0.311002184942934,0.622004369885868,0,0.32885989161955,0,-5.98186262859176,NA,0.0915,0.171666666666667,0.0113333333333333,-0.160333333333333,0.0196981419631272,0.0196981419631272,FALSE,0.99999184872752,TRUE,"yes","no","no",0,FALSE
"129137","isoComp_00073831","geneComp_00020762","ENST00000424148.1","KRTAP5-AS1","U","T","KRTAP5-AS1","lncRNA","lncRNA",2.72024857564953,2.34072929324415,3.09976785805491,0.0597272695693994,0.474596776664385,0.403698478445563,NA,1.41865134656221,1.50395074218731,1.33335195093711,0.281787540068652,0.617797301487403,-0.172480934068987,NA,0.301666666666667,0.381666666666667,0.221666666666667,-0.16,0.0306273918059575,0.0306273918059575,NA,0.97789902235884,TRUE,NA,NA,NA,0,TRUE
"67543","isoComp_00030858","geneComp_00013403","ENST00000277549.9","CACNA1B","U","T","CACNA1B","protein_coding","protein_coding",2.26828446453472,2.5494677668565,1.98710116221295,0.316697149399004,0.258057882673383,-0.357936423923216,NA,0.178762207081308,0.00604392198415323,0.351480492178464,0.00604363364176313,0.130300336287898,4.49381903105143,NA,0.0921666666666667,0.0136666666666667,0.170666666666667,0.157,0.0189537800960412,0.0189537800960412,FALSE,1,TRUE,"yes","yes","no",0,TRUE
"17417","isoComp_00091021","geneComp_00024638","ENST00000376301.2","MYO3A","U","T","MYO3A","protein_coding","retained_intron",3.61500124317538,4.13219097467367,3.0978115116771,0.506265315683417,0.28934622530032,-0.414495063032615,NA,0.369384934356291,0.738769868712583,0,0.417669486596759,0,-6.22645047541022,NA,0.0915,0.169,0.014,-0.155,0.00660592852832169,0.00660592852832169,NA,0.83135094402182,TRUE,NA,NA,NA,0,FALSE
"2548","isoComp_00111270","geneComp_00027981","ENST00000591606.1","QPCTL","U","T","QPCTL","protein_coding","nonsense_mediated_decay",8.58471947303022,9.59022479294312,7.57921415311731,0.835083593277022,0.965252203139808,-0.339117682095778,NA,0.788464605946786,1.49141574697894,0.08551346491463,0.305626723263339,0.08551346491463,-3.97447557910708,NA,0.0951666666666667,0.172666666666667,0.0176666666666667,-0.155,0.0492193938662664,0.0492193938662664,TRUE,0.80951474435608,TRUE,"no","no","no",0,TRUE
"87129","isoComp_00130317","geneComp_00032221","ENST00000590210.1","SPINT2","U","T","SPINT2","protein_coding","retained_intron",18.1818020971988,17.9507564429879,18.4128477514098,5.2290435153399,7.94105980781148,0.0366479738362473,NA,1.05666912524638,0.00262014104998777,2.11071810944277,0.00261999551754884,1.20215792989381,7.39268102235684,NA,0.0811666666666667,0.004,0.158333333333333,0.154333333333333,3.69213950353679e-09,3.69213950353679e-09,NA,0.70952498314754,FALSE,NA,NA,NA,0,TRUE
"23769","isoComp_00028394","geneComp_00012847","ENST00000220659.11","BRF2","U","T","BRF2","protein_coding","protein_coding",12.1440395587378,11.6725187656128,12.6155603518628,0.678676443848325,0.861171676252146,0.111996064858044,NA,9.04748826999178,9.62554665901028,8.46942988097327,0.308154911173648,0.727419301921077,-0.184399250417801,NA,0.796,0.872,0.72,-0.152,0.006194609832333,0.006194609832333,FALSE,0.99996481896729,TRUE,"yes","yes","no",0,TRUE
"21483","isoComp_00019007","geneComp_00010934","ENST00000635768.1","ALG13","U","T","ALG13","protein_coding","processed_transcript",57.6259138857833,54.6087486943345,60.6430790772321,1.6475167941702,6.19630325951869,0.151184623582639,NA,5.6110748621176,0,11.2221497242352,0,3.04726374905515,10.1334183566291,NA,0.076,0,0.152,0.152,1.91828376004503e-39,1.91828376004503e-39,NA,0.0017316443954126,FALSE,NA,NA,NA,0,FALSE
"109740","isoComp_00123214","geneComp_00030927","ENST00000518294.5","SH2D5","U","T","SH2D5","protein_coding","protein_coding",4.40732094570675,5.32215145881633,3.49249043259716,0.539254018957999,0.432549969092703,-0.606336650709913,NA,0.493509838428428,0.987019676856856,0,0.11414738548072,0,-6.63955007235304,NA,0.0741666666666667,0.148333333333333,0,-0.148333333333333,0.000256778482079143,0.000256778482079143,FALSE,0.9472023032309,TRUE,"yes","no","no",0,TRUE
"133849","isoComp_00023879","geneComp_00012140","ENST00000560096.1","ARPIN","U","T","ARPIN","protein_coding","protein_coding",9.8277483620825,9.78618358474719,9.86931313941781,0.278272025847853,0.412024300093923,0.0121909308400817,NA,1.47103641334503,0.752467148456435,2.18960567823363,0.0279835946370999,0.209973344425413,1.52849783172635,NA,0.1515,0.0773333333333333,0.225666666666667,0.148333333333333,0.000461936687603459,0.000165095055426328,NA,0.34704335041476,FALSE,NA,NA,NA,0,TRUE
"51795","isoComp_00117251","geneComp_00029676","ENST00000315872.11","ROCK2","U","T","ROCK2","protein_coding","protein_coding",21.2641122074099,20.9743049975594,21.5539194172605,1.13553471718983,1.56920245285432,0.0393087416492189,NA,16.9691788860382,18.0875778320526,15.8507799400237,0.661716787523944,0.345836320670255,-0.190332904813842,NA,0.775,0.849,0.701,-0.148,7.84438385351876e-10,7.84438385351876e-10,FALSE,1,TRUE,"yes","yes","no",0,TRUE
"76324","isoComp_00151968","geneComp_00035805","ENST00000622072.1","ZNF221","U","T","ZNF221","protein_coding","protein_coding",3.74510724879216,3.46067722805162,4.0295372695327,0.234204177126299,0.950706078618793,0.218972840002675,NA,0.369616073024486,0.0173327106266875,0.721899435422285,0.0169782296795896,0.56016457789073,4.74294498634259,NA,0.167,0.093,0.241,0.148,0.0115103627862598,0.0115103627862598,FALSE,0.99999935798243,TRUE,"yes","no","no",0,FALSE
"10603","isoComp_00131679","geneComp_00032424","ENST00000169298.8","ST6GAL1","U","T","ST6GAL1","protein_coding","protein_coding",32.0068342966194,34.2300861560751,29.7835824371637,1.08903309433074,2.00380286112492,-0.200684725481898,NA,20.9200731673932,24.557112231758,17.2830341030284,1.25659171774984,1.39594835461646,-0.506537269103374,NA,0.6145,0.688333333333333,0.540666666666667,-0.147666666666667,0.00206270964380628,1.40878297219396e-07,FALSE,0.99996438116447,TRUE,"yes","no","no",0,FALSE
"43845","isoComp_00054351","geneComp_00017057","ENST00000246100.3","FAM110A","U","T","FAM110A","protein_coding","protein_coding",15.5080570846182,17.070222115879,13.9458920533575,1.16694972409179,2.17868846203507,-0.291452392613649,NA,3.39004395954388,2.22105558078332,4.55903233830445,0.852118554618116,1.3145126022241,1.03416219864697,NA,0.141833333333333,0.0683333333333333,0.215333333333333,0.147,3.07363479555262e-06,3.07363479555262e-06,FALSE,0.99867247635426,TRUE,"yes","yes","no",0,FALSE
"88788","isoComp_00069144","geneComp_00019925","ENST00000412117.1","ING2","U","T","ING2","protein_coding","protein_coding",15.7818355841596,17.3264935258714,14.2371776424478,0.667882631015834,0.77961578295054,-0.283135978448251,NA,5.91540832650383,7.58549177520946,4.2453248777982,0.363024007924676,0.66158337302722,-0.835874095638473,NA,0.403,0.476,0.33,-0.146,0.0199546063853589,0.00942687139527812,FALSE,0.80184589591131,TRUE,"yes","yes","no",0,TRUE
"88787","isoComp_00069143","geneComp_00019925","ENST00000302327.4","ING2","U","T","ING2","protein_coding","protein_coding",15.7818355841596,17.3264935258714,14.2371776424478,0.667882631015834,0.77961578295054,-0.283135978448251,NA,9.86642725765579,9.74100175066195,9.99185276464962,0.41067905420862,0.118032430182735,0.0366449285522605,NA,0.596833333333333,0.524,0.669666666666667,0.145666666666667,0.00942687139527812,0.00942687139527812,FALSE,0.99045988081028,TRUE,"yes","yes","no",0,TRUE
"55642","isoComp_00139402","geneComp_00033666","ENST00000259746.13","TMEM63B","U","T","TMEM63B","protein_coding","protein_coding",20.8646502179868,21.0269777838592,20.7023226521143,0.736384716034006,0.806703553277235,-0.0224381144162503,NA,1.86959723205867,0.577622091727792,3.16157237238954,0.0393885716732528,0.374897364957414,2.43223772320049,NA,0.111,0.0396666666666667,0.182333333333333,0.142666666666667,3.63131421642953e-10,3.63131421642953e-10,FALSE,0.9999999999965,TRUE,"yes","yes","no",0,FALSE
"55159","isoComp_00151769","geneComp_00035780","ENST00000374861.7","ZNF189","U","T","ZNF189","protein_coding","protein_coding",24.8281812733204,24.3604774265273,25.2958851201135,0.752157572133635,1.03733826916227,0.0543384218959049,NA,11.3405821999595,12.7624280181451,9.91873638177388,1.06299959734754,1.02887121353498,-0.363350780629443,NA,0.481833333333333,0.553,0.410666666666667,-0.142333333333333,0.000368339721841887,0.000368339721841887,FALSE,0.99999966150617,TRUE,"yes","no","no",0,TRUE
"24013","isoComp_00092644","geneComp_00024884","ENST00000517331.5","NDRG1","U","T","NDRG1","protein_coding","processed_transcript",7.29977808101291,6.60562568687357,7.99393047515225,1.13080745275632,0.667877379617859,0.274831026651501,NA,0.501831441356814,8.16821920139268e-07,1.00366206589171,8.16821920139268e-07,0.428311032558765,6.66331511970109,NA,0.0891666666666667,0.018,0.160333333333333,0.142333333333333,0.000348706711729101,0.000348706711729101,NA,0.99112757120478,TRUE,NA,NA,NA,0,TRUE
"107543","isoComp_00054897","geneComp_00017152","ENST00000335282.5","FAM183A","U","T","FAM183A","protein_coding","protein_coding",10.9643580987241,8.37466394476041,13.5540522526879,0.828915127174648,2.13246563418953,0.693963379965434,NA,2.17160908170657,0.932348681570492,3.41086948184265,0.126715835310174,0.692991029790964,1.86003018115886,NA,0.1705,0.0996666666666667,0.241333333333333,0.141666666666667,0.0136339150606842,0.0136339150606842,FALSE,0.91725976837517,TRUE,"yes","no","no",0,TRUE
"108148","isoComp_00059252","geneComp_00017993","ENST00000640688.1","GABRD","U","T","GABRD","protein_coding","retained_intron",2.89086423459539,2.94447970842149,2.8372487607693,0.563405687795381,0.619100106005773,-0.053335545260572,NA,0.163062532800896,0,0.326125065601791,0,0.111514361301262,5.07092622655746,NA,0.0771666666666667,0.00633333333333333,0.148,0.141666666666667,0.0370094490304476,0.0370094490304476,NA,0.99919812404417,TRUE,NA,NA,NA,0,TRUE
"15774","isoComp_00150160","geneComp_00035523","ENST00000555424.1","ZBTB25","U","T","ZBTB25","protein_coding","protein_coding",8.61815045018532,8.11318527764813,9.1231156227225,0.468299087037936,0.395845177123783,0.169061547062606,NA,1.4656123825548,0.726360550086185,2.20486421502341,0.324299050640287,0.186507714188834,1.58873401263158,NA,0.1205,0.05,0.191,0.141,0.0342449209371571,0.0342449209371571,NA,0.031695674865923,FALSE,NA,NA,NA,0,TRUE
"101057","isoComp_00153740","geneComp_00036092","ENST00000575779.2","ZNF594","U","T","ZNF594","protein_coding","protein_coding",16.8500836303418,17.167695326958,16.5324719337256,0.372705527317642,1.09593402678069,-0.0543616561133378,NA,9.11807849639665,10.467509003354,7.76864798943927,0.250659431266,0.243864115987487,-0.429704434588817,NA,0.526666666666667,0.597,0.456333333333333,-0.140666666666667,0.00234859480591888,0.00234859480591888,FALSE,0.9999999994776,TRUE,"yes","no","no",0,FALSE
"4487","isoComp_00043739","geneComp_00015442","ENST00000380228.6","CYP46A1","U","T","CYP46A1","protein_coding","protein_coding",4.73361141448102,5.05743467140554,4.4097881575565,1.09282011428309,0.816379960298925,-0.197278362559133,NA,0.393707537586715,0.783036357362807,0.00437871781062226,0.391417082054141,0.00437870689950457,-5.78538007132661,NA,0.0698333333333333,0.139666666666667,0,-0.139666666666667,0.00152233095015735,0.00152233095015735,FALSE,0.99999602964276,TRUE,"yes","no","no",0,TRUE
"108063","isoComp_00046298","geneComp_00015800","ENST00000335125.11","DHRS4L2","U","T","DHRS4L2","protein_coding","protein_coding",6.28881678587922,6.97328096137237,5.60435261038606,0.181901299891249,0.586299582464867,-0.314785343057996,NA,0.488686984321882,0.977373968643764,0,0.264811882631078,0,-6.6255247049212,NA,0.08,0.149666666666667,0.0103333333333333,-0.139333333333333,0.000210325139726532,0.000210325139726532,FALSE,0.99718772427379,TRUE,"yes","no","no",1,TRUE
"90389","isoComp_00152397","geneComp_00035875","ENST00000374433.7","ZNF32","U","T","ZNF32","protein_coding","protein_coding",36.9403898159882,38.5653142014857,35.3154654304908,1.44324620880067,3.20248863620618,-0.126969338896959,NA,20.3023862068898,18.5968990650921,22.0078733486875,1.95186793434441,0.593833411352058,0.242837486404874,NA,0.651833333333333,0.583,0.720666666666667,0.137666666666667,1.84794369526682e-09,1.84794369526682e-09,FALSE,0.98179328487979,TRUE,"yes","no","no",0,FALSE
"50665","isoComp_00054296","geneComp_00017051","ENST00000405159.7","FAM104A","U","T","FAM104A","protein_coding","protein_coding",22.7378933933115,23.546473729873,21.9293130567501,0.546859784246695,0.137656197540237,-0.102605237958929,NA,4.90936562083813,3.70464622448928,6.11408501718698,0.865033061122001,1.09903140129454,0.721269493187986,NA,0.291333333333333,0.222666666666667,0.36,0.137333333333333,0.000143204082132819,0.000143204082132819,FALSE,0.90717660238028,TRUE,"yes","yes","no",0,TRUE
"147957","isoComp_00064249","geneComp_00018965","ENST00000578186.2","H4C14","U","T","H4C14","protein_coding","protein_coding",16.2237745289447,13.4472798632823,19.0002691946071,0.685497235299282,3.26927127445548,0.498392135717463,NA,13.1522363567715,9.69382310827321,16.6106496052698,1.80231858654487,2.05863034203875,0.77635161301954,NA,0.874666666666667,0.806333333333333,0.943,0.136666666666667,2.2004338672633e-09,2.2004338672633e-09,FALSE,0.90617439983506,TRUE,"yes","no","no",0,TRUE
"7181","isoComp_00147194","geneComp_00034949","ENST00000587470.1","VMP1","U","T","VMP1","protein_coding","retained_intron",58.3808664011462,57.5174858333141,59.2442469689783,4.72218157751241,2.07522738916572,0.042667140535258,NA,6.49083185857926,2.9874678331973,9.99419588396122,0.8735131884437,2.27741803951849,1.73878903433212,NA,0.132166666666667,0.065,0.199333333333333,0.134333333333333,0.0258379109005028,0.0258379109005028,NA,0.0049709980560201,FALSE,NA,NA,NA,1,TRUE
"7248","isoComp_00130193","geneComp_00032203","ENST00000598088.5","SPHK2","U","T","SPHK2","protein_coding","protein_coding",19.2562592472063,20.4129624651303,18.0995560292823,0.350831206402632,1.00593435084674,-0.173440974532317,NA,3.22048169129155,2.3519023892519,4.0890609933312,0.245857711396563,0.194784201429618,0.795344113729673,NA,0.198333333333333,0.131666666666667,0.265,0.133333333333333,0.0001017034343783,0.0001017034343783,FALSE,0.99999999481914,TRUE,"yes","yes","no",0,FALSE
"120017","isoComp_00024065","geneComp_00012172","ENST00000369880.8","AS3MT","U","T","AS3MT","protein_coding","protein_coding",50.5731872157718,54.1787047244774,46.9676697070661,7.99895714954887,7.97032510068102,-0.206017011425896,NA,21.7558913009355,26.6617427290725,16.8500398727984,3.53964608476861,1.40915080408249,-0.661704145366627,NA,0.471666666666667,0.536333333333333,0.407,-0.129333333333333,0.0110950440229205,0.00852916836487652,FALSE,0.99973174045961,TRUE,"yes","no","no",2,TRUE
"120018","isoComp_00024066","geneComp_00012172","ENST00000615257.1","AS3MT","U","T","AS3MT","protein_coding","protein_coding",50.5731872157718,54.1787047244774,46.9676697070661,7.99895714954887,7.97032510068102,-0.206017011425896,NA,28.8172959148363,27.5169619954049,30.1176298342677,4.46010894696973,6.56498066438612,0.130241783246311,NA,0.528333333333333,0.463666666666667,0.593,0.129333333333333,0.00852916836487652,0.00852916836487652,TRUE,0.99920174510525,TRUE,"yes","no","no",0,TRUE
"95470","isoComp_00075189","geneComp_00020985","ENST00000405925.2","LIG4","U","T","LIG4","protein_coding","protein_coding",12.6548786205488,11.6078394987897,13.7019177423079,0.549729088431454,0.528513343750297,0.239088555689509,NA,4.21232983055908,4.91289598841422,3.51176367270395,0.877065673831151,0.647454024891241,-0.483209157811667,NA,0.2305,0.293,0.168,-0.125,0.00193901205131079,0.00193901205131079,FALSE,0.99999999997269,TRUE,"yes","no","no",0,FALSE
"133847","isoComp_00023877","geneComp_00012140","ENST00000357484.10","ARPIN","U","T","ARPIN","protein_coding","protein_coding",9.8277483620825,9.78618358474719,9.86931313941781,0.278272025847853,0.412024300093923,0.0121909308400817,NA,8.11082238287974,8.68873332602793,7.53291143973155,0.404841314348654,0.557466112214026,-0.205683849360452,NA,0.806,0.868333333333333,0.743666666666667,-0.124666666666667,0.000165095055426328,0.000165095055426328,FALSE,0.99815505476495,TRUE,"yes","no","no",0,TRUE
"102943","isoComp_00040050","geneComp_00014816","ENST00000651438.1","COL18A1","U","T","COL18A1","protein_coding","protein_coding",45.2143448298529,46.7444737299401,43.6842159297657,2.09725174758004,0.955229941672582,-0.0976621027367664,NA,38.993839999616,42.9947674244363,34.9929125747957,1.83150215713593,0.829752381030961,-0.297021630048989,NA,0.876833333333333,0.938,0.815666666666667,-0.122333333333333,0.00022760961497493,0.00022760961497493,FALSE,1,TRUE,"yes","yes","yes",0,TRUE
"145917","isoComp_00090891","geneComp_00024623","ENST00000584723.5","MYO15B","U","T","MYO15B","protein_coding","nonsense_mediated_decay",6.84947866257112,7.30012812308891,6.39882920205333,1.92167548577721,0.77768949482914,-0.189835870263773,NA,0.478367053245009,0.956734106490018,0,0.424196390878814,0,-6.59504723588511,NA,0.0801666666666667,0.141333333333333,0.019,-0.122333333333333,0.00102107069110266,0.00102107069110266,NA,0.90911186594797,TRUE,NA,NA,NA,0,TRUE
"2768","isoComp_00090397","geneComp_00024544","ENST00000395353.5","MVP","U","T","MVP","protein_coding","protein_coding",5.03916455745876,4.80424694633731,5.2740821685802,0.331674338805303,0.0852137016341643,0.134342754353269,NA,0.325964996998923,7.20630776415713e-06,0.651922787690081,7.20630776415714e-06,0.0333536151076461,6.04755175747567,NA,0.0605,0,0.121,0.121,0.000787986162507985,0.000787986162507985,FALSE,0.99999999999955,TRUE,"yes","yes","no",0,FALSE
"7859","isoComp_00020281","geneComp_00011141","ENST00000477852.1","ANKRD44","U","T","ANKRD44","protein_coding","processed_transcript",8.74608081581601,8.28336328158533,9.2087983500467,3.31935950396916,3.09438637996284,0.152621421429899,NA,0.317716479988727,0.635432959977454,0,0.116479203197486,0,-6.01219534792428,NA,0.068,0.127666666666667,0.00833333333333333,-0.119333333333333,0.00226635869578223,0.00226635869578223,NA,0.0049688658525844,FALSE,NA,NA,NA,0,FALSE
"107835","isoComp_00044476","geneComp_00015571","ENST00000412726.5","DCC","U","T","DCC","protein_coding","protein_coding",48.0313056537717,45.4305813962634,50.6320299112799,6.76135292858502,5.6216788558863,0.156353940497406,NA,17.5100790406718,12.8281164866202,22.1920415947234,2.74189279365579,4.54787935690379,0.790258789634215,NA,0.283,0.224,0.342,0.118,8.35162091810123e-06,8.35162091810123e-06,FALSE,1,TRUE,"yes","no","no",0,FALSE
"13539","isoComp_00121862","geneComp_00030726","ENST00000451055.6","SEMA5B","U","T","SEMA5B","protein_coding","protein_coding",30.5069082771871,29.9994030429307,31.0144135114435,1.32104146279184,0.710677419008227,0.0479893171148464,NA,4.28930071062563,2.43397998594925,6.144621435302,0.394017826022414,0.6302605230673,1.33243764988977,NA,0.134666666666667,0.077,0.192333333333333,0.115333333333333,0.0179506462028685,0.0179506462028685,FALSE,1,TRUE,"yes","no","no",1,FALSE
"3309","isoComp_00012944","geneComp_00007669","ENST00000412232.3","ADGRA2","U","T","ADGRA2","protein_coding","protein_coding",1.41316032559407,1.67516787982673,1.15115277136141,0.103989924840267,0.0112002721340348,-0.537334524556264,NA,1.26779159270206,1.38444096612809,1.15114221927602,0.0506127063799313,0.0111951102376614,-0.264142171427054,NA,0.942333333333333,0.884666666666667,1,0.115333333333333,0.0403834301237787,0.0403834301237787,FALSE,1,TRUE,"yes","yes","yes",0,TRUE
"11534","isoComp_00073246","geneComp_00020599","ENST00000483154.5","KLHL20","U","T","KLHL20","protein_coding","processed_transcript",18.2850637531654,19.091458072707,17.4786694336238,0.432855765399249,0.223312415949696,-0.127262236935749,NA,2.20666865715476,3.19698997887252,1.216347335437,0.140012504483606,0.357279213831725,-1.38685219769951,NA,0.150666666666667,0.207666666666667,0.0936666666666667,-0.114,0.0258189572022099,0.0258189572022099,NA,0.96130790086676,TRUE,NA,NA,NA,0,TRUE
"96847","isoComp_00115374","geneComp_00028632","ENST00000572992.1","RMI2","U","T","RMI2","protein_coding","processed_transcript",99.050282773642,89.2903980370231,108.810167510261,5.18806405614161,2.75067847339697,0.285207443325797,NA,6.9487942589968,0,13.8975885179936,0,1.07906418145816,10.4416565726418,NA,0.0566666666666667,0,0.113333333333333,0.113333333333333,1.75452575345688e-45,1.75452575345688e-45,NA,0.044050300707488,FALSE,NA,NA,NA,0,TRUE
"77558","isoComp_00082364","geneComp_00022959","ENST00000292599.4","MAML1","U","T","MAML1","protein_coding","protein_coding",47.6896078126935,45.1590857691976,50.2201298561895,0.488908265354252,2.05272880995209,0.153217291054296,NA,42.6342910644577,43.2864184964541,41.9821636324614,1.41099095422595,1.15503203466979,-0.0441275648836649,NA,0.918166666666667,0.974333333333333,0.862,-0.112333333333333,0.0419054857457214,0.0419054857457214,FALSE,1,TRUE,"yes","yes","no",0,TRUE
"63558","isoComp_00053527","geneComp_00016920","ENST00000367201.7","ETNK2","U","T","ETNK2","protein_coding","protein_coding",17.7513047309116,18.8528248205078,16.6497846413153,2.34341465233444,1.32024087835629,-0.179175993069423,NA,3.40261086093019,2.73624592740213,4.06897579445824,0.525928118300448,0.604944811090744,0.570746120707394,NA,0.230166666666667,0.175333333333333,0.285,0.109666666666667,0.0228600798000472,0.0228600798000472,FALSE,0.99998575432666,TRUE,"yes","no","no",0,FALSE
"102463","isoComp_00031077","geneComp_00013425","ENST00000637309.1","CACNB4","U","T","CACNB4","protein_coding","protein_coding",4.54185055640635,3.90954309476987,5.17415801804283,0.322804895552195,0.733749612531258,0.403424205927961,NA,0.360064722431107,0.613626123527305,0.106503321334909,0.0983084050923738,0.0545544473297824,-2.4203102788641,NA,0.0811666666666667,0.136,0.0263333333333333,-0.109666666666667,0.0350942755504787,0.0350942755504787,FALSE,0.96785226132917,TRUE,"yes","yes","no",0,TRUE
"44591","isoComp_00142197","geneComp_00034145","ENST00000553903.1","TRMT5","U","T","TRMT5","protein_coding","protein_coding",13.7678256717397,13.2264378882649,14.3092134552144,1.41599403997997,1.71191098400296,0.113437323671732,NA,2.32252929860319,1.50102803418632,3.14403056302007,0.700034483722085,0.930312277014428,1.06166621297172,NA,0.168166666666667,0.113666666666667,0.222666666666667,0.109,0.036919680178674,0.036919680178674,NA,0.61920656725781,FALSE,NA,NA,NA,0,TRUE
"116704","isoComp_00107121","geneComp_00027351","ENST00000484449.1","PPP1R10","U","T","PPP1R10","protein_coding","processed_transcript",47.3500889387065,43.8930298297201,50.807148047693,2.36621986140044,4.28239531583199,0.210994904686444,NA,6.09364274286852,3.5078389186134,8.67944656712363,1.05165435602179,1.79329393988908,1.3045748708784,NA,0.1545,0.1,0.209,0.109,0.000368576231240688,0.000368576231240688,NA,0.00086519578333534,FALSE,NA,NA,NA,0,TRUE
"75771","isoComp_00037981","geneComp_00014504","ENST00000290363.6","CIART","U","T","CIART","protein_coding","protein_coding",8.58666902433275,8.41875835240721,8.75457969625828,0.663949291131475,1.92220044953802,0.0563647862984943,NA,0.820678233875453,1.19166638803645,0.449690079714459,0.0479918724983934,0.143841474114401,-1.38630298652807,NA,0.104,0.158333333333333,0.0496666666666667,-0.108666666666667,0.036919680178674,0.036919680178674,FALSE,0.99901699694065,TRUE,"yes","yes","no",2,TRUE
"50325","isoComp_00113356","geneComp_00028305","ENST00000356208.10","RBM38","U","T","RBM38","protein_coding","protein_coding",36.018004914165,39.3498870417975,32.6861227865325,0.661809621230504,1.80307477049256,-0.267606513962772,NA,25.0260408328914,25.4986735669976,24.5534080987852,1.45207489101172,1.51473134662285,-0.0544771375867052,NA,0.666166666666667,0.612,0.720333333333333,0.108333333333333,0.00803799817840594,0.00803799817840594,FALSE,0.99968069240835,TRUE,"yes","no","no",0,TRUE
"90390","isoComp_00152398","geneComp_00035875","ENST00000395797.1","ZNF32","U","T","ZNF32","protein_coding","protein_coding",36.9403898159882,38.5653142014857,35.3154654304908,1.44324620880067,3.20248863620618,-0.126969338896959,NA,12.2916941838605,15.0069154104065,9.57647295731459,2.10876453790799,2.33286710275231,-0.64751647916742,NA,0.227666666666667,0.281666666666667,0.173666666666667,-0.108,7.57350074996543e-05,1.84794369526682e-09,FALSE,0.98174764379709,TRUE,"yes","no","no",0,FALSE
"146762","isoComp_00056767","geneComp_00017508","ENST00000492239.5","FDX2","U","T","FDX2","protein_coding","protein_coding",18.5337879303402,20.1922972414918,16.8752786191885,0.716096972862032,0.27934305224372,-0.25875336884825,NA,4.10211790583722,3.39036703756408,4.81386877411036,0.724422327878075,0.662595779022959,0.504500181387924,NA,0.203166666666667,0.149333333333333,0.257,0.107666666666667,0.000779280810582104,0.000779280810582104,NA,0.029376215022073,FALSE,NA,NA,NA,0,FALSE
"85260","isoComp_00014354","geneComp_00007967","ENST00000299576.9","AKIP1","U","T","AKIP1","protein_coding","protein_coding",28.5521640738252,29.7651022741852,27.3392258734653,2.14808060278539,2.62488425265427,-0.122606465836517,NA,2.3789880421737,0.765603724412755,3.99237235993465,0.302310047440891,1.92678603162228,2.3674637580124,NA,0.0796666666666667,0.0263333333333333,0.133,0.106666666666667,0.0472934004969603,0.0472934004969603,FALSE,0.90641935422656,TRUE,"no","yes","no",0,TRUE
"41105","isoComp_00065425","geneComp_00019142","ENST00000311350.8","HERPUD2","U","T","HERPUD2","protein_coding","protein_coding",31.7113031441849,29.1775808348673,34.2450254535024,1.41943765231962,1.22533689539353,0.230961016759112,NA,15.3728296456812,12.4391681537214,18.306491137641,0.679381392098522,0.809757652346162,0.557093809549902,NA,0.526833333333333,0.475333333333333,0.578333333333333,0.103,0.0308556005833311,0.00156064273087134,FALSE,0.99979320831749,TRUE,"yes","yes","no",0,TRUE
"110339","isoComp_00154564","geneComp_00036237","ENST00000560038.5","ZNF774","U","T","ZNF774","protein_coding","nonsense_mediated_decay",3.36049277163306,3.70802909440665,3.01295644885948,0.182525341008878,0.607764136460663,-0.29857786522102,NA,0.204715960713323,0.409431921426645,0,0.0434718047181963,0,-5.39036475873345,NA,0.0561666666666667,0.106333333333333,0.006,-0.100333333333333,0.0350942755504787,0.0350942755504787,NA,0.024310264075802,FALSE,NA,NA,NA,0,FALSE
"46679","isoComp_00050565","geneComp_00016483","ENST00000550114.5","EGLN3","U","T","EGLN3","protein_coding","processed_transcript",4.64294723229988,3.82909908336563,5.45679538123413,0.15642268470326,0.896998088654014,0.509927582162802,NA,0.384404350927961,0,0.768808701855921,0,0.442512405757102,6.28319709868652,NA,0.0458333333333333,0.000666666666666667,0.091,0.0903333333333333,0.00231668275666582,7.39559298945266e-07,NA,0.01612208780559,FALSE,NA,NA,NA,0,TRUE
"41107","isoComp_00065427","geneComp_00019142","ENST00000413517.1","HERPUD2","U","T","HERPUD2","protein_coding","protein_coding",31.7113031441849,29.1775808348673,34.2450254535024,1.41943765231962,1.22533689539353,0.230961016759112,NA,0.344491811445642,0,0.688983622891284,0,0.19126201494516,6.12718674869935,NA,0.0155,0.00433333333333333,0.0266666666666667,0.0223333333333333,0.00156064273087134,0.00156064273087134,NA,0.68487415739179,FALSE,NA,NA,NA,0,TRUE
