"","isoform_id","ES","ES_genomic_start","ES_genomic_end","MEE","MEE_genomic_start","MEE_genomic_end","MES","MES_genomic_start","MES_genomic_end","IR","IR_genomic_start","IR_genomic_end","A5","A5_genomic_start","A5_genomic_end","A3","A3_genomic_start","A3_genomic_end","ATSS","ATSS_genomic_start","ATSS_genomic_end","ATTS","ATTS_genomic_start","ATTS_genomic_end"
"57","ENST00000450565.8",0,NA,NA,0,NA,NA,0,NA,NA,0,NA,NA,0,NA,NA,2,"907551;908032","907659;908265",0,NA,NA,0,NA,NA
"395","ENST00000471938.1",1,"89182498","89182527",0,NA,NA,0,NA,NA,0,NA,NA,0,NA,NA,0,NA,NA,1,"89185398;89186333;89187000;89188582;89190038;89191261;89192904;89193303;89195297;89197110;89198795","89185469;89186526;89187102;89188794;89190318;89191506;89193100;89193412;89195424;89197304;89198942",1,"89181144","89181773"
"951","ENST00000293861.8",0,NA,NA,0,NA,NA,0,NA,NA,0,NA,NA,0,NA,NA,1,"54960","55459",0,NA,NA,0,NA,NA
"426","ENST00000282561.4",1,"121437382","121437415",0,NA,NA,0,NA,NA,0,NA,NA,0,NA,NA,0,NA,NA,0,NA,NA,0,NA,NA
"499","ENST00000420892.1",0,NA,NA,0,NA,NA,0,NA,NA,0,NA,NA,0,NA,NA,0,NA,NA,1,"122458551;122461553;122488902;122489422","122458709;122462124;122489001;122489626",0,NA,NA
"500","ENST00000648167.1",1,"122461553","122462124",0,NA,NA,0,NA,NA,0,NA,NA,0,NA,NA,0,NA,NA,0,NA,NA,1,"122514894","122514907"
"742","ENST00000617316.2",0,NA,NA,0,NA,NA,0,NA,NA,0,NA,NA,0,NA,NA,0,NA,NA,0,NA,NA,1,"121642040","121642677"
"743","ENST00000646827.1",0,NA,NA,0,NA,NA,0,NA,NA,1,"121626866","121626870",0,NA,NA,0,NA,NA,0,NA,NA,0,NA,NA
"910","ENST00000495802.5",0,NA,NA,0,NA,NA,0,NA,NA,0,NA,NA,1,"26844029","26844030",0,NA,NA,1,"26857451;26864363;26864842","26857678;26864590;26865113",1,"26667068;26670091;26684736;26690285;26725428;26725923;26726682","26669656;26670192;26684848;26690362;26725565;26725986;26726889"
"245","ENST00000555336.6",0,NA,NA,0,NA,NA,0,NA,NA,0,NA,NA,0,NA,NA,0,NA,NA,1,"95319711","95319908",1,"95181940;95193849;95194215;95194536;95196498;95202838;95209395;95210686;95213219","95193415;95193976;95194395;95194596;95196694;95204463;95209477;95210879;95213225"
"750","ENST00000612927.1",0,NA,NA,0,NA,NA,0,NA,NA,0,NA,NA,0,NA,NA,0,NA,NA,1,"141355021","141355040",1,"141494807;141505393;141510947","141494865;141505481;141512975"
"749","ENST00000571252.3",0,NA,NA,0,NA,NA,0,NA,NA,0,NA,NA,1,"141357621","141357730",0,NA,NA,0,NA,NA,0,NA,NA
"892","ENST00000393459.5",0,NA,NA,0,NA,NA,0,NA,NA,0,NA,NA,0,NA,NA,1,"101036667","101036723",0,NA,NA,0,NA,NA
"907","ENST00000345317.7",0,NA,NA,0,NA,NA,1,"26855118;26857451","26855151;26857678",0,NA,NA,2,"26726682;26844029","26726882;26844030",0,NA,NA,1,"26864842","26865113",0,NA,NA
"874","ENST00000358171.8",0,NA,NA,0,NA,NA,1,"75562833;75563727","75562884;75563770",1,"75566392;75566681","75566466;75566971",1,"75569171","75570797",1,"75567782","75568731",1,"75562056","75562253",0,NA,NA
"919","ENST00000666209.1",1,"119468106","119468296",0,NA,NA,0,NA,NA,0,NA,NA,1,"119468810","119468982",0,NA,NA,0,NA,NA,1,"119465986","119466364"
"1037","ENST00000668596.1",0,NA,NA,0,NA,NA,0,NA,NA,0,NA,NA,2,"99196374;99200330","99197548;99200638",0,NA,NA,1,"99200705","99200757",1,"99181223","99181564"
"200","ENST00000409280.5",0,NA,NA,0,NA,NA,1,"25179662;25179971","25179800;25180048",0,NA,NA,0,NA,NA,1,"25179332","25179402",1,"25180354","25180356",1,"25134692","25134697"
"863","ENST00000411539.6",0,NA,NA,0,NA,NA,0,NA,NA,0,NA,NA,4,"90217829;90219891;90223740;90225397","90217928;90220218;90223792;90225608",4,"90217056;90217617;90219208;90227239","90217439;90217767;90219793;90227557",1,"90184918;90191922;90193129","90185081;90192026;90193563",1,"90229676","90229679"
"891","ENST00000224807.9",0,NA,NA,0,NA,NA,0,NA,NA,0,NA,NA,0,NA,NA,1,"101036667","101036723",1,"101031234","101031239",1,"101041240","101041244"
"950","ENST00000665667.1",1,"35573580","35573723",0,NA,NA,0,NA,NA,0,NA,NA,0,NA,NA,0,NA,NA,0,NA,NA,1,"35574786","35574900"
"109","ENST00000392977.8",1,"101047988","101048033",0,NA,NA,1,"100842186;100852368;100885449","100842237;100852453;100885544",0,NA,NA,0,NA,NA,1,"100974783","100974845",1,"100717526;100733774;100739854;100794596","100717547;100733857;100740105;100794776",1,"101128629","101128641"
"862","ENST00000332496.10",0,NA,NA,0,NA,NA,1,"90191922;90193129","90192026;90193563",0,NA,NA,4,"90217829;90219891;90223740;90225397","90217928;90220218;90223792;90225608",5,"90201319;90217056;90217617;90219208;90227239","90201458;90217439;90217767;90219793;90227557",1,"90184918","90184963",1,"90229670","90229679"
"175","ENST00000651117.1",2,"161103113;161103958","161103205;161104105",0,NA,NA,1,"161104507;161104785;161105003","161104549;161104994;161105226",0,NA,NA,0,NA,NA,3,"161090062;161101233;161104406","161092179;161101734;161104460",0,NA,NA,1,"161083883","161083934"
"751","ENST00000216780.9",0,NA,NA,0,NA,NA,1,"24094766;24095143","24094845;24095378",0,NA,NA,2,"24099236;24100213","24099247;24100562",1,"24102675","24102753",1,"24094159;24094281","24094254;24094311",1,"24104125;24110294","24104130;24110598"
"548","ENST00000421498.1",1,"178757080","178757136",0,NA,NA,0,NA,NA,0,NA,NA,0,NA,NA,0,NA,NA,1,"178841545;178859489;178860294;178909599;178921688;178934721","178841616;178859623;178860405;178909706;178921910;178937352",1,"178526505;178535714;178537261;178729193;178746939;178748289","178526625;178535899;178537396;178729392;178747111;178748485"
"981","ENST00000371877.7",1,"47312948","47313156",0,NA,NA,0,NA,NA,1,"47299969","47300109",0,NA,NA,2,"47282459;47304996","47284073;47305317",1,"47314140","47314147",1,"47250139","47250142"
"435","ENST00000370645.9",1,"84503646","84503833",0,NA,NA,0,NA,NA,0,NA,NA,0,NA,NA,0,NA,NA,0,NA,NA,0,NA,NA
"643","ENST00000621469.5",0,NA,NA,0,NA,NA,0,NA,NA,0,NA,NA,1,"50647203","50647204",1,"50617390","50617514",1,"50611520;50611908;50612328;50612848;50613792;50617131","50611737;50612129;50612699;50612942;50614117;50617151",0,NA,NA
"1072","ENST00000310594.7",1,"1644797","1645061",0,NA,NA,1,"1629231;1629897","1629371;1630226",0,NA,NA,1,"1632905","1632906",1,"1630812","1631298",1,"1529891;1530819;1574657;1616660","1530009;1530950;1574841;1617056",1,"1647211","1647212"
"240","ENST00000375779.6",1,"31736483","31736545",0,NA,NA,0,NA,NA,0,NA,NA,0,NA,NA,0,NA,NA,1,"31736796","31737318",0,NA,NA
"764","ENST00000379145.5",1,"24646989","24647347",0,NA,NA,0,NA,NA,1,"24562118","24562400",0,NA,NA,0,NA,NA,0,NA,NA,0,NA,NA
"882","ENST00000317338.17",0,NA,NA,0,NA,NA,0,NA,NA,1,"28956746","28956746",2,"28960240;28963947","28960505;28963962",2,"28956467;28957539","28956468;28957813",1,"29006033;29006356","29006145;29006440",1,"28954901","28954905"
"254","ENST00000433805.6",0,NA,NA,0,NA,NA,0,NA,NA,1,"56270319","56270450",1,"56267940","56268084",1,"56267682","56267794",1,"56266858","56267252",0,NA,NA
"189","ENST00000359213.7",2,"119236153;119240199","119236251;119240639",0,NA,NA,1,"119232417;119233007","119232521;119233153",0,NA,NA,2,"119216239;119240765","119216240;119240850",1,"119237070","119237071",0,NA,NA,1,"119211732","119211742"
"543","ENST00000257981.7",3,"49542334;49543782;49546138","49542408;49543878;49546240",0,NA,NA,0,NA,NA,0,NA,NA,0,NA,NA,1,"49556172","49556370",0,NA,NA,0,NA,NA
"453","ENST00000437379.2",1,"13501630","13501699",0,NA,NA,0,NA,NA,0,NA,NA,2,"13501933;13502980","13502588;13503239",1,"13496588","13496736",1,"13480215;13480381","13480349;13480446",1,"13506407","13506424"
"821","ENST00000449135.6",1,"37440791","37442224",0,NA,NA,0,NA,NA,0,NA,NA,1,"37349395","37349469",0,NA,NA,1,"37349275","37349372",1,"37457289","37457295"
"880","ENST00000533603.5",1,"75562833","75562884",0,NA,NA,0,NA,NA,1,"75566392;75566681","75566466;75566971",1,"75569171","75570797",1,"75567782","75568731",0,NA,NA,0,NA,NA
"383","ENST00000557088.5",2,"91942037;91946711","91942180;91947074",1,"91939850","91939950",0,NA,NA,0,NA,NA,0,NA,NA,0,NA,NA,1,"91947584;91947935","91947823;91947987",1,"91869412;91873497;91877487;91881292;91882954;91887193;91891221;91894950","91870385;91874816;91877682;91881418;91883076;91887312;91891337;91895008"
"436","ENST00000487806.5",0,NA,NA,0,NA,NA,0,NA,NA,0,NA,NA,0,NA,NA,0,NA,NA,1,"84506011;84506436","84506301;84506581",0,NA,NA
"537","ENST00000271751.10",1,"211063392","211063737",0,NA,NA,0,NA,NA,1,"210679169","210683020",0,NA,NA,0,NA,NA,1,"211134148","211134165",1,"210676900","210677380"
"508","ENST00000617492.4",1,"61921222","61921342",0,NA,NA,0,NA,NA,0,NA,NA,1,"61910152","61911520",2,"61885005;61893899","61885290;61894186",1,"61927271;61927654","61927426;61928016",0,NA,NA
"461","ENST00000336737.8",2,"17141393;17158457","17141843;17158986",0,NA,NA,0,NA,NA,0,NA,NA,0,NA,NA,0,NA,NA,1,"17165209","17165287",1,"17137511","17137520"
"443","ENST00000578186.2",0,NA,NA,0,NA,NA,0,NA,NA,0,NA,NA,0,NA,NA,0,NA,NA,0,NA,NA,1,"149833241;149834135;149839595","149833864;149834631;149839767"
"446","ENST00000618193.1",0,NA,NA,0,NA,NA,0,NA,NA,0,NA,NA,0,NA,NA,0,NA,NA,1,"149832659","149832668",1,"149834484;149839595","149834631;149839767"
"210","ENST00000256442.10",0,NA,NA,0,NA,NA,0,NA,NA,0,NA,NA,1,"69177349","69177358",1,"69177061","69177239",1,"69167135","69167150",0,NA,NA
"1040","ENST00000262376.11",1,"4848380","4848393",0,NA,NA,0,NA,NA,0,NA,NA,1,"4877474","4877813",2,"4852215;4858878","4852879;4859025",1,"4846665","4847481",0,NA,NA
"723","ENST00000280614.4",0,NA,NA,0,NA,NA,0,NA,NA,1,"139045106","139045561",1,"139043343","139043891",1,"139043072","139043074",0,NA,NA,0,NA,NA
"497","ENST00000495977.1",1,"28745256","28745543",0,NA,NA,0,NA,NA,0,NA,NA,0,NA,NA,0,NA,NA,1,"28742039;28742679","28742331;28742701",0,NA,NA
"722","ENST00000576935.5",1,"4469504","4469698",0,NA,NA,0,NA,NA,0,NA,NA,0,NA,NA,0,NA,NA,1,"4474554;4476237","4474895;4476306",1,"4461680;4463420;4463568;4466153;4466527;4467005;4469227","4461959;4463512;4464240;4466405;4466685;4467181;4469365"
"276","ENST00000331944.10",0,NA,NA,0,NA,NA,1,"87469950;87487502;87503487;87516716;87518613","87470093;87487618;87503624;87517660;87519055",1,"87455453","87455563",0,NA,NA,0,NA,NA,1,"87455238","87455429",1,"87580984;87583258;87603978;87606593","87581246;87590491;87604160;87607248"
"1054","ENST00000552237.1",0,NA,NA,0,NA,NA,0,NA,NA,0,NA,NA,0,NA,NA,0,NA,NA,1,"95529000;95532829;95535373;95546450;95547983;95548526;95548771;95551272","95529002;95534326;95535426;95546990;95548272;95548669;95548844;95551476",1,"95516560;95520997","95518353;95521202"
"994","ENST00000460770.1",1,"106092548","106092669",0,NA,NA,0,NA,NA,0,NA,NA,0,NA,NA,0,NA,NA,1,"106096293;106097690;106099158;106112140;106112479","106096302;106097897;106099282;106112331;106112576",1,"106090503","106091699"
"1100","ENST00000523924.5",3,"134510696;134564987;134696431","134511082;134565152;134696554",0,NA,NA,1,"134594807;134599730","134594885;134599862",0,NA,NA,0,NA,NA,1,"134565421","134565671",1,"134713038","134713049",1,"134477788","134477792"
"223","ENST00000618072.4",0,NA,NA,0,NA,NA,0,NA,NA,0,NA,NA,0,NA,NA,0,NA,NA,1,"123268254;123269105;123270887;123271564;123272157","123268317;123269239;123271141;123271856;123272334",1,"123250112;123258748;123258977;123260274;123260826","123252542;123258930;123259148;123260503;123260943"
"514","ENST00000527095.7",0,NA,NA,0,NA,NA,1,"159763713;159764002;159764443;159765103","159763890;159764350;159765099;159765138",0,NA,NA,1,"159892190","159892541",0,NA,NA,1,"159069252;159069855;159245843;159252727;159262548;159273244","159069441;159070077;159245907;159252807;159262683;159273755",1,"159897350","159897366"
"605","ENST00000421071.1",0,NA,NA,0,NA,NA,0,NA,NA,0,NA,NA,0,NA,NA,0,NA,NA,1,"104756081","104757719",1,"104746638;104749322","104747151;104749384"
"703","ENST00000304449.7",1,"119603462","119603559",0,NA,NA,0,NA,NA,0,NA,NA,0,NA,NA,1,"119592513","119593150",1,"119605883","119606443",1,"119588337","119588339"
"997","ENST00000634737.1",1,"106092548","106092669",0,NA,NA,0,NA,NA,0,NA,NA,0,NA,NA,1,"106093137","106093252",1,"106112142;106112479","106112331;106112576",1,"106090503","106091640"
"151","ENST00000371118.1",0,NA,NA,0,NA,NA,0,NA,NA,0,NA,NA,0,NA,NA,0,NA,NA,1,"62784132","62784273",1,"62819179;62821139;62829040;62834038;62834776;62835386;62841428;62863992","62819335;62821209;62829176;62834116;62834852;62835529;62841547;62865516"
"45","ENST00000554508.5",0,NA,NA,0,NA,NA,0,NA,NA,0,NA,NA,0,NA,NA,0,NA,NA,1,"68921038;68925558;68947364;68973781;68978952","68921125;68925672;68947548;68974264;68979440",1,"68874143;68877082;68878458;68879049;68879864;68880810;68882458;68882873;68883265;68884168;68884775;68885425;68890139;68892053;68893655","68875146;68877240;68878523;68879069;68880108;68881122;68882592;68883055;68883410;68884308;68884883;68888263;68890286;68892283;68893703"
"565","ENST00000539200.5",1,"97105443","97105521",0,NA,NA,1,"97010199;97041492;97062333;97064628","97010265;97041599;97062503;97064726",0,NA,NA,0,NA,NA,0,NA,NA,0,NA,NA,0,NA,NA
"769","ENST00000354947.10",1,"57597958","57598062",0,NA,NA,0,NA,NA,1,"57601637","57601925",0,NA,NA,0,NA,NA,0,NA,NA,0,NA,NA
"468","ENST00000508591.5",1,"83443517","83443614",0,NA,NA,0,NA,NA,0,NA,NA,1,"83455269","83455397",0,NA,NA,1,"83455804","83455855",0,NA,NA
"921","ENST00000255559.7",1,"72992891","72992933",0,NA,NA,4,"72712739;72725517,72821605;72823698;72837800,73072269;73073667,73089714;73091824","72712981;72725614,72822022;72823883;72838120,73072540;73073835,73089764;73092296",1,"72849707","72849785",2,"72947528;73092495","72947752;73092611",0,NA,NA,1,"73092693","73092712",0,NA,NA
"739","ENST00000568738.1",1,"15044334","15046054",0,NA,NA,0,NA,NA,0,NA,NA,1,"15047216","15047442",1,"15040066","15040467",1,"15047494;15047855;15047997;15055891","15047550;15047920;15048099;15056079",1,"15037854","15038145"
"946","ENST00000447507.1",0,NA,NA,0,NA,NA,0,NA,NA,0,NA,NA,0,NA,NA,1,"28506351","28508128",1,"28505980","28506043",1,"28508830","28510892"
"393","ENST00000406360.2",0,NA,NA,0,NA,NA,0,NA,NA,0,NA,NA,0,NA,NA,0,NA,NA,1,"108559835","108560015",0,NA,NA
"835","ENST00000495055.1",1,"14219553","14219725",0,NA,NA,0,NA,NA,0,NA,NA,1,"14221169","14221453",2,"14224375;14226859","14224438;14226880",1,"14216130","14216153",1,"14228173","14228372"
"392","ENST00000343882.10",0,NA,NA,0,NA,NA,0,NA,NA,0,NA,NA,0,NA,NA,1,"108560917","108561086",0,NA,NA,0,NA,NA
"251","ENST00000431078.1",1,"124135068","124135181",0,NA,NA,0,NA,NA,0,NA,NA,1,"124242393","124242441",0,NA,NA,0,NA,NA,0,NA,NA
"482","ENST00000436439.6",0,NA,NA,0,NA,NA,2,"23806700;23807154,23809287;23813832","23807040;23807285,23810799;23814338",0,NA,NA,2,"23803588;23816366","23804400;23816675",0,NA,NA,1,"23825428","23825429",1,"23801885","23801887"
"942","ENST00000506691.1",1,"89836127","89836213",0,NA,NA,0,NA,NA,0,NA,NA,0,NA,NA,1,"89835692","89835695",1,"89837098;89838252","89837168;89838315",1,"89724099;89729194;89821849","89726660;89729277;89822352"
"1090","ENST00000551673.5",0,NA,NA,0,NA,NA,0,NA,NA,0,NA,NA,1,"32746544","32747076",0,NA,NA,1,"32750719;32753918;32755096","32750874;32754085;32755897",0,NA,NA
"1089","ENST00000324868.13",0,NA,NA,0,NA,NA,0,NA,NA,0,NA,NA,0,NA,NA,0,NA,NA,0,NA,NA,1,"32727490","32727519"
"574","ENST00000666123.1",1,"38600754","38601314",0,NA,NA,1,"38567126;38579146","38567382;38579594",1,"38644446","38644692",2,"38615659;38641029","38615729;38641670",0,NA,NA,1,"38556765","38556792",1,"38646632;38647233;38653077;38653865;38671026","38646714;38647937;38653160;38653952;38671216"
"768","ENST00000613219.4",0,NA,NA,0,NA,NA,0,NA,NA,0,NA,NA,0,NA,NA,0,NA,NA,0,NA,NA,1,"35574795","35574796"
"385","ENST00000246166.3",3,"64987215;65021982;65032359","64987562;65022130;65032521",0,NA,NA,0,NA,NA,0,NA,NA,0,NA,NA,4,"65012172;65015538;65027387;65053160","65012317;65015625;65027453;65053238",0,NA,NA,1,"65062650","65062652"
"346","ENST00000358896.10",0,NA,NA,0,NA,NA,1,"68023848;68025381;68026960","68024004;68025494;68027082",0,NA,NA,2,"68023351;68053655","68023615;68054035",2,"68038004;68077952","68038006;68078445",0,NA,NA,0,NA,NA
"977","ENST00000534457.5",0,NA,NA,0,NA,NA,0,NA,NA,0,NA,NA,3,"126406545;126407023;126408496","126406557;126407026;126408804",3,"126406782;126407234;126413397","126406943;126407252;126413505",1,"126355640;126355974;126358415;126375020;126393228;126403218;126405782;126406195","126355842;126356302;126358511;126375124;126393303;126403486;126406171;126406460",1,"126414047;126440186","126414641;126440344"
"558","ENST00000305883.6",0,NA,NA,0,NA,NA,1,"10043829;10044245","10043887;10044451",0,NA,NA,0,NA,NA,0,NA,NA,1,"10042849","10043071",0,NA,NA
"986","ENST00000242770.9",0,NA,NA,0,NA,NA,0,NA,NA,0,NA,NA,1,"13144764","13144768",1,"13145395","13145414",1,"13150178","13150383",1,"13144058","13144062"
"273","ENST00000262207.9",1,"75000154","75000409",0,NA,NA,0,NA,NA,1,"74984753","74984869",0,NA,NA,0,NA,NA,0,NA,NA,0,NA,NA
"143","ENST00000357700.11",1,"5642473","5642553",0,NA,NA,0,NA,NA,0,NA,NA,0,NA,NA,1,"5651363","5651568",0,NA,NA,0,NA,NA
"358","ENST00000454759.6",2,"73141387;73152293","73141485;73152421",0,NA,NA,0,NA,NA,0,NA,NA,0,NA,NA,0,NA,NA,1,"73168071","73168095",1,"73130155;73133668","73130459;73134524"
"805","ENST00000304338.8",0,NA,NA,0,NA,NA,2,"94175461;94175780,94227275;94227486","94175727;94175903,94227378;94227846",0,NA,NA,0,NA,NA,0,NA,NA,1,"94174312","94174322",0,NA,NA
"139","ENST00000256496.8",0,NA,NA,0,NA,NA,0,NA,NA,0,NA,NA,1,"5170583","5170937",1,"5174253","5174344",1,"5122245","5122292",1,"5180911","5180912"
"63","ENST00000400895.6",1,"11744533","11744568",0,NA,NA,0,NA,NA,0,NA,NA,0,NA,NA,1,"11745988","11746127",1,"11736084","11736124",1,"11750316;11754425","11750771;11754802"
"1002","ENST00000568216.5",0,NA,NA,0,NA,NA,1,"66356639;66379270","66356685;66379940",0,NA,NA,1,"66386607","66386650",0,NA,NA,1,"66386712","66386724",1,"66336191;66341150;66349060","66337181;66341356;66349123"
"660","ENST00000652463.1",0,NA,NA,0,NA,NA,2,"110227340;110227413;110227510,110245743;110260999","110227406;110227431;110227542,110245818;110261145",0,NA,NA,2,"110244857;110280085","110244873;110280147",1,"110227643","110228189",1,"110207605;110225993;110226777;110226811;110226995;110227087;110227179","110208082;110226386;110226796;110226834;110227014;110227118;110227213",1,"110286590","110287365"
"624","ENST00000637976.1",0,NA,NA,0,NA,NA,1,"78065574;78072558","78065662;78072970",0,NA,NA,1,"78078059","78078947",0,NA,NA,1,"78078973;78125694;78127197;78132889;78135021;78160025;78167916;78178011;78185629;78194874;78201162;78255943;78256248;78285708;78343778;78345922;78369156;78456926;78489761;78489962;78501577;78521430;78614366;78627120;78770851","78079085;78125837;78127416;78133060;78135206;78160273;78168108;78178102;78185670;78195063;78201193;78256158;78256581;78285768;78343960;78346043;78369213;78456956;78489840;78490029;78501787;78521645;78619003;78627243;78771323",1,"78017057;78026068;78034933","78019976;78026104;78035016"
"332","ENST00000340748.8",0,NA,NA,0,NA,NA,1,"10179881;10180187","10179982;10180234",1,"10140131","10140253",3,"10135439;10140529;10141697","10135736;10140781;10142028",3,"10141189;10143987;10151545","10141572;10144754;10151697",1,"10218752;10231204","10218869;10231286",1,"10133345","10133346"
"944","ENST00000413987.1",0,NA,NA,0,NA,NA,0,NA,NA,0,NA,NA,1,"28508160","28508270",1,"28506351","28508128",0,NA,NA,0,NA,NA
"701","ENST00000470246.1",0,NA,NA,0,NA,NA,0,NA,NA,0,NA,NA,1,"63243850","63244024",0,NA,NA,1,"63247578;63248815;63249935;63253218;63254397;63272582","63247775;63248895;63250072;63253437;63254463;63272694",1,"63240784","63241277"
"747","ENST00000623266.1",0,NA,NA,0,NA,NA,0,NA,NA,0,NA,NA,0,NA,NA,1,"141188279","141188538",0,NA,NA,1,"141188808","141191541"
"693","ENST00000301457.3",1,"8319301","8319560",0,NA,NA,0,NA,NA,0,NA,NA,0,NA,NA,1,"8316645","8316812",0,NA,NA,1,"8308768;8310505","8308884;8310772"
"935","ENST00000261622.5",1,"87863590","87863639",0,NA,NA,0,NA,NA,0,NA,NA,0,NA,NA,0,NA,NA,0,NA,NA,0,NA,NA
"433","ENST00000531690.5",0,NA,NA,0,NA,NA,0,NA,NA,0,NA,NA,1,"1959706","1959867",0,NA,NA,1,"1960790;2043336;2115771;2117469;2124687;2175932;2245321","1960966;2043433;2115880;2117556;2124731;2175991;2245605",1,"1623806;1624472;1626117","1624231;1624540;1626188"
"481","ENST00000374490.8",0,NA,NA,0,NA,NA,1,"23806700;23807154","23807040;23807285",0,NA,NA,4,"23803588;23809287;23813832;23816366","23804400;23810736;23814190;23816675",0,NA,NA,0,NA,NA,0,NA,NA
"1064","ENST00000474174.1",0,NA,NA,0,NA,NA,0,NA,NA,0,NA,NA,0,NA,NA,0,NA,NA,1,"48676596;48683268;48683799;48684283;48685547;48685734;48685946;48686081;48686781;48688054","48676748;48683363;48683985;48684423;48685633;48685836;48685987;48686134;48686955;48688198",1,"48688999;48689320;48691107","48689066;48689434;48691427"
"694","ENST00000593729.5",2,"8310505;8319301","8310772;8319560",0,NA,NA,0,NA,NA,0,NA,NA,1,"8311284","8311412",1,"8316645","8316812",0,NA,NA,0,NA,NA
"609","ENST00000439853.5",1,"89572474","89572612",0,NA,NA,0,NA,NA,0,NA,NA,0,NA,NA,0,NA,NA,1,"89524836;89526962;89549915;89558711","89525022;89526986;89549971;89559036",1,"89597859","89597864"
"936","ENST00000565644.5",0,NA,NA,0,NA,NA,0,NA,NA,0,NA,NA,0,NA,NA,0,NA,NA,1,"87868885","87869507",0,NA,NA
"1011","ENST00000525788.1",0,NA,NA,0,NA,NA,0,NA,NA,0,NA,NA,0,NA,NA,1,"8618968","8619284",1,"8621043;8621645;8622816;8624359;8624709;8638654;8640227;8643009;8644330;8645722;8646447;8647970;8648416;8649740;8651800;8654434;8658737;8663129;8671786;8672017;8672248;8674806;8678134;8679620;8679901;8682601","8621321;8621819;8622876;8624551;8625228;8638815;8641152;8643126;8644429;8645887;8646561;8648086;8648548;8649887;8651903;8654578;8658836;8663248;8671866;8672098;8672385;8674883;8678169;8679814;8680063;8682694",1,"8612037","8617764"
"561","ENST00000540845.5",1,"10044245","10044451",0,NA,NA,0,NA,NA,0,NA,NA,0,NA,NA,0,NA,NA,1,"10042849;10043550","10043071;10043758",0,NA,NA
"557","ENST00000490823.5",1,"27094665","27094934",0,NA,NA,0,NA,NA,0,NA,NA,0,NA,NA,1,"27094198","27094477",1,"27086747","27086784",1,"27099901","27100751"
"811","ENST00000358825.9",1,"129948056","129948107",0,NA,NA,0,NA,NA,0,NA,NA,0,NA,NA,1,"129947370","129947622",0,NA,NA,0,NA,NA
"310","ENST00000221943.13",1,"41439474","41439576",0,NA,NA,0,NA,NA,0,NA,NA,2,"41432846;41433440","41433272;41433537",0,NA,NA,1,"41439905","41440692",1,"41431318","41431319"
"369","ENST00000563889.1",1,"67186759","67186884",0,NA,NA,0,NA,NA,1,"67184811","67184901",0,NA,NA,1,"67185490","67185664",1,"67190136","67190172",1,"67184379","67184380"
"1101","ENST00000396878.8",0,NA,NA,0,NA,NA,0,NA,NA,1,"3135110;3135387","3135132;3135445",0,NA,NA,1,"3138354","3138418",1,"3134923","3135029",0,NA,NA
"329","ENST00000499499.2",0,NA,NA,0,NA,NA,0,NA,NA,0,NA,NA,0,NA,NA,0,NA,NA,1,"95676925","95676955",1,"95648771;95650064","95648834;95650614"
"416","ENST00000640150.1",0,NA,NA,0,NA,NA,0,NA,NA,0,NA,NA,0,NA,NA,1,"81084534","81084594",1,"81090668;81096131","81091261;81096395",1,"81081945","81082328"
"398","ENST00000491895.7",0,NA,NA,0,NA,NA,0,NA,NA,0,NA,NA,0,NA,NA,0,NA,NA,0,NA,NA,1,"54842008","54842017"
"786","ENST00000264775.9",0,NA,NA,1,"55490960","55491114",0,NA,NA,0,NA,NA,0,NA,NA,1,"55468149","55468290",0,NA,NA,0,NA,NA
"1005","ENST00000515837.7",0,NA,NA,0,NA,NA,0,NA,NA,0,NA,NA,2,"61392665;61393976","61392679;61394301",2,"61397728;61398261","61397774;61398270",1,"61392360","61392587",1,"61398846","61398863"
"672","ENST00000652590.1",1,"38139152","38139272",0,NA,NA,0,NA,NA,1,"38140569","38140756",0,NA,NA,0,NA,NA,1,"38138478","38138661",1,"38143006","38143022"
"604","ENST00000666319.1",0,NA,NA,0,NA,NA,0,NA,NA,0,NA,NA,1,"43385863","43387936",0,NA,NA,1,"43388505","43389199",1,"43338741;43341178;43348957;43356392;43369845;43371087;43375928","43339504;43341459;43349329;43356531;43371039;43371426;43375939"
"264","ENST00000405237.7",1,"50573808","50573921",0,NA,NA,0,NA,NA,0,NA,NA,3,"50569084;50571883;50576857","50569336;50572006;50576940",2,"50573060;50574600","50573100;50574982",1,"50578084;50578386","50578246;50578465",0,NA,NA
"1057","ENST00000587444.1",0,NA,NA,0,NA,NA,0,NA,NA,0,NA,NA,0,NA,NA,0,NA,NA,1,"45506579;45507479;45517663;45517929;45521322;45522168;45522340;45522718;45523644;45523841;45524037;45524570;45524878","45506887;45507776;45517834;45518094;45521406;45522217;45522581;45522818;45523695;45523877;45524142;45524660;45525077",1,"45526169","45526983"
"827","ENST00000570985.1",0,NA,NA,0,NA,NA,0,NA,NA,0,NA,NA,1,"67935549","67935582",1,"67934671","67934694",1,"67935963;67936215;67936398;67936694","67936103;67936312;67936485;67936864",0,NA,NA
"782","ENST00000575813.5",0,NA,NA,0,NA,NA,0,NA,NA,0,NA,NA,0,NA,NA,1,"4814150","4814367",1,"4807152;4807562;4807772;4807984;4808274;4809100;4809298;4809493;4809691;4809877;4810802","4807225;4807587;4807881;4808114;4808451;4809205;4809363;4809551;4809783;4810029;4810807",1,"4815554;4815764;4816620;4816937;4817146;4818002;4818297;4818494;4818774;4819084;4819429;4821640;4822640;4823259","4815586;4815934;4816905;4817055;4817375;4818106;4818385;4818607;4818823;4819218;4819582;4821907;4822795;4823434"
"231","ENST00000216420.12",2,"54510126;54523150","54510267;54523245",0,NA,NA,0,NA,NA,1,"54538099","54538117",2,"54530226;54531050","54530763;54531117",1,"54536073","54537722",1,"54509812","54509906",0,NA,NA
"533","ENST00000489036.5",2,"156421616;156457210","156421659;156457358",0,NA,NA,0,NA,NA,0,NA,NA,0,NA,NA,0,NA,NA,1,"156120548;156273553;156290987","156120886;156273676;156291920",1,"156514391;156515100;156516270;156523827;156531409;156536545;156536658","156514449;156515220;156516364;156523947;156531501;156536546;156539138"
"631","ENST00000493218.5",0,NA,NA,0,NA,NA,0,NA,NA,0,NA,NA,0,NA,NA,0,NA,NA,1,"12648175;12649136;12649341;12649913;12650104;12652153;12652363;12655694;12656571;12656659;12656949;12657211;12657364;12657446;12658063;12658224;12658428;12658731;12660897;12663317;12663703;12664792;12665246;12665703;12666543","12648402;12649216;12649428;12650014;12650222;12652270;12652460;12655879;12656578;12656687;12657056;12657235;12657379;12657760;12658141;12658344;12658510;12659010;12661376;12663462;12663835;12664985;12665525;12665805;12666742",1,"12646511","12646513"
"1018","ENST00000397397.7",2,"848810;862297","848933;862329",0,NA,NA,1,"842941;843315;844081;844446","843050;843729;844186;844587",0,NA,NA,0,NA,NA,3,"847170;849816;862345","847201;850288;862550",1,"842812","842852",1,"867111","867116"
"547","ENST00000649994.1",2,"49543782;49546138","49543878;49546240",0,NA,NA,0,NA,NA,0,NA,NA,0,NA,NA,1,"49556172","49556370",1,"49539030","49539157",1,"49558253","49558337"
"205","ENST00000403162.7",0,NA,NA,0,NA,NA,0,NA,NA,1,"63756267","63756268",2,"63751770;63765760","63751940;63765912",1,"63761351","63761537",1,"63773570","63773597",1,"63745255","63746403"
"1111","ENST00000287461.8",1,"30609436","30609485",0,NA,NA,0,NA,NA,0,NA,NA,0,NA,NA,0,NA,NA,0,NA,NA,0,NA,NA
"618","ENST00000636936.1",0,NA,NA,0,NA,NA,0,NA,NA,0,NA,NA,0,NA,NA,0,NA,NA,1,"78343778;78345922;78369156;78456926;78489761;78489962;78501577;78521430;78614366;78627120;78770851","78343960;78346043;78369213;78456956;78489840;78490029;78501787;78521645;78619003;78627243;78771323",1,"78017057;78026068;78034933;78039559;78065574;78072558;78078059;78125694;78127197;78132889;78135021;78160025;78167916;78178011;78185629;78194874;78201162;78255943;78256248","78019976;78026104;78035016;78039631;78065662;78072970;78079085;78125837;78127416;78133060;78135206;78160273;78168108;78178102;78185670;78195063;78201193;78256158;78256543"
"122","ENST00000422918.5",2,"153913524;153919567","153913600;153919686",0,NA,NA,0,NA,NA,0,NA,NA,0,NA,NA,1,"153913879","153914253",1,"153920708;153921097;153921365;153921605;153922124;153926136;153926590;153926816;153928327","153920808;153921159;153921527;153921809;153922248;153926305;153926757;153926860;153928419",1,"153907367;153909070;153909443;153909741;153910012;153910171;153910506;153910700;153910922;153911129;153912700;153913024;153913218","153907962;153909169;153909658;153909924;153910085;153910404;153910611;153910871;153910999;153911189;153912802;153913051;153913228"
"744","ENST00000360726.3",0,NA,NA,0,NA,NA,0,NA,NA,0,NA,NA,0,NA,NA,0,NA,NA,1,"52362151","52362249",1,"52407691","52407777"
"846","ENST00000515211.1",0,NA,NA,0,NA,NA,1,"182671849;182672037","182671929;182672251",0,NA,NA,0,NA,NA,0,NA,NA,0,NA,NA,1,"182641816;182648137;182658369;182665969;182666872","182646917;182648303;182658665;182666033;182666946"
"293","ENST00000262585.6",4,"141142300;141150286;141157395;141173505","141143008;141150348;141158287;141173741",0,NA,NA,0,NA,NA,0,NA,NA,4,"141175459;141185278;141190417;141192663","141176266;141185458;141190624;141192901",6,"141136509;141143914;141177087;141184488;141188349;141191274","141136558;141144148;141178067;141185139;141188986;141192331",0,NA,NA,1,"141195796","141195808"
"375","ENST00000481697.5",1,"102755004","102755399",0,NA,NA,0,NA,NA,1,"102749418","102749441",0,NA,NA,0,NA,NA,0,NA,NA,1,"102787335;102808290","102787469;102809225"
"847","ENST00000283632.5",2,"86748228;86765513","86748490;86765602",0,NA,NA,0,NA,NA,0,NA,NA,0,NA,NA,0,NA,NA,0,NA,NA,0,NA,NA
"837","ENST00000395479.9",0,NA,NA,0,NA,NA,0,NA,NA,0,NA,NA,1,"1495607","1496181",0,NA,NA,1,"1491166","1491270",1,"1497211;1497642","1497322;1497927"
"367","ENST00000545725.6",1,"67186759","67186884",0,NA,NA,0,NA,NA,1,"67184811","67184901",0,NA,NA,2,"67185490;67189180","67185664;67189195",0,NA,NA,0,NA,NA
"730","ENST00000484650.1",0,NA,NA,0,NA,NA,0,NA,NA,0,NA,NA,2,"37688015;37690794","37688299;37690900",0,NA,NA,1,"37681673;37686323","37681892;37686475",1,"37693332","37693476"
"209","ENST00000612558.4",0,NA,NA,0,NA,NA,0,NA,NA,0,NA,NA,1,"63751770","63751940",1,"63761351","63761537",1,"63764793;63765760;63772777;63773412","63764847;63766194;63772863;63773597",1,"63745255","63746427"
"301","ENST00000519811.5",4,"141142300;141150286;141157395;141173505","141143008;141150348;141158287;141173741",0,NA,NA,0,NA,NA,0,NA,NA,4,"141175459;141185278;141190417;141192663","141176266;141185458;141190624;141192901",5,"141143914;141177087;141184488;141188349;141191274","141144148;141178067;141185139;141188986;141192331",1,"141128621","141128638",0,NA,NA
"408","ENST00000671824.1",1,"44146965","44147125",0,NA,NA,1,"44158073;44159073","44158196;44159282",0,NA,NA,1,"44147650","44147660",1,"44145730","44146129",1,"44197691","44198170",1,"44143213;44144271","44144236;44144334"
"803","ENST00000518243.5",1,"30809990","30810276",0,NA,NA,0,NA,NA,0,NA,NA,1,"30812320","30812786",1,"30799648","30799755",0,NA,NA,1,"30785616;30791197;30793917","30786307;30791315;30793962"
"361","ENST00000243878.9",0,NA,NA,0,NA,NA,0,NA,NA,0,NA,NA,1,"67664953","67664996",2,"67664062;67666265","67664512;67666274",1,"67666789","67667265",0,NA,NA
"794","ENST00000532391.1",0,NA,NA,0,NA,NA,0,NA,NA,0,NA,NA,0,NA,NA,0,NA,NA,1,"65261920","65262371",1,"65278826;65279538;65280468;65281670;65282479;65287602;65289050;65289799;65294153;65294546;65295540;65295864;65297120;65305373","65278923;65280020;65281147;65281732;65282521;65287840;65289088;65289872;65294261;65294776;65295599;65296498;65298685;65305589"
"50","ENST00000314351.9",0,NA,NA,0,NA,NA,0,NA,NA,0,NA,NA,0,NA,NA,0,NA,NA,1,"65214038;65214398;65215324;65224320;65224924;65226086;65242104;65260600;65262804;65273340;65291329;65297108;65299985;65329378;65334042;65451316;65452133;65452707;65460170;65470778;65473577;65481343","65214183;65214932;65215487;65224400;65225047;65226219;65242206;65260663;65262962;65273447;65291470;65297244;65300131;65329483;65334085;65451620;65452221;65452918;65460338;65471142;65473952;65481920",1,"65148738","65151528"
"802","ENST00000221138.9",1,"30809990","30810276",0,NA,NA,0,NA,NA,0,NA,NA,0,NA,NA,0,NA,NA,1,"30812818","30812878",0,NA,NA
"681","ENST00000581612.1",0,NA,NA,0,NA,NA,0,NA,NA,0,NA,NA,0,NA,NA,0,NA,NA,1,"75588058;75590341;75590626;75590777;75591172","75590243;75590385;75590689;75591016;75591246",1,"75592050;75592238;75592428;75592679;75594462;75594701;75594840;75596390;75596768;75600631;75601438;75602301;75602830;75603032;75603188;75605504;75605864;75606933;75610166;75610900;75611601;75611886;75612798;75612974;75613293;75613705;75613981;75614199;75614583;75614773;75614961;75615240;75615503;75615693;75616069;75616312;75616690;75616874;75617085;75617580;75617810;75618126;75619143;75619358;75619681;75619800;75620246;75620467;75621031;75621345;75621501;75622004;75623781;75623949;75624175;75624370;75624543;75624771;75625123;75625527;75625766;75626088;75626407","75592080;75592301;75592541;75593031;75594588;75594759;75594972;75596555;75596899;75600680;75601563;75602594;75602945;75603077;75603312;75605621;75606058;75607130;75610259;75610959;75611658;75612016;75612893;75613209;75613471;75613777;75614033;75614360;75614683;75614849;75615042;75615338;75615600;75615884;75616147;75616446;75616785;75616961;75617304;75617677;75617922;75618185;75619219;75619563;75619799;75620020;75620357;75620921;75621176;75621408;75621570;75622080;75623854;75624064;75624269;75624447;75624639;75624916;75625238;75625660;75625977;75626228;75626849"
"962","ENST00000491381.6",0,NA,NA,0,NA,NA,1,"45838268;45840322","45838360;45840458",0,NA,NA,0,NA,NA,2,"45834136;45834577","45834201;45834959",0,NA,NA,0,NA,NA
"328","ENST00000648817.1",3,"34929977;34949543;34950444","34930361;34949677;34952743",0,NA,NA,0,NA,NA,0,NA,NA,1,"34954001","34954191",2,"34945722;34953526","34945761;34953926",0,NA,NA,0,NA,NA
"1069","ENST00000392796.7",0,NA,NA,0,NA,NA,0,NA,NA,0,NA,NA,0,NA,NA,0,NA,NA,1,"159286583","159286799",1,"159235793","159235801"
"320","ENST00000382021.2",2,"34929977;34950444","34930361;34952743",0,NA,NA,0,NA,NA,0,NA,NA,1,"34954001","34954191",2,"34945722;34953526","34945761;34953926",1,"34929559","34929593",0,NA,NA
"299","ENST00000518668.5",3,"141142300;141150286;141173505","141143008;141150348;141173741",0,NA,NA,1,"141157395;141160632","141158287;141160787",0,NA,NA,4,"141175459;141185278;141190417;141192663","141176266;141185458;141190624;141192901",5,"141143914;141177087;141184488;141188349;141191274","141144148;141178067;141185139;141188986;141192331",1,"141128621","141128779",0,NA,NA
"647","ENST00000650696.1",0,NA,NA,0,NA,NA,2,"110227318;110227340;110227413;110227510,110245743;110260999","110227337;110227406;110227431;110227542,110245818;110261145",0,NA,NA,2,"110244857;110280085","110244873;110280147",1,"110227643","110228189",1,"110207605;110225993;110226777;110226811;110226995;110227087","110208082;110226386;110226796;110226834;110227014;110227118",1,"110286488","110287365"
"963","ENST00000227495.10",0,NA,NA,0,NA,NA,1,"126355974;126358415;126375020;126393228;126403218","126356302;126358511;126375124;126393303;126403486",0,NA,NA,3,"126406545;126407023;126408496","126406557;126407026;126408804",5,"126405782;126406195;126406782;126407234;126413397","126406096;126406473;126406943;126407252;126413505",1,"126355640","126355660",1,"126414604;126440186","126414641;126440344"
"814","ENST00000527581.5",0,NA,NA,0,NA,NA,1,"129948056;129955512","129948107;129955571",0,NA,NA,0,NA,NA,1,"129947370","129947622",1,"130002804","130002835",1,"129899706;129905638;129910476;129912085;129914704;129915660;129917127;129918539;129923248;129924882;129929410;129931016;129932102;129935101;129937598;129942426;129944771;129947145","129902516;129905741;129910656;129912225;129915018;129915860;129917237;129918718;129923403;129925229;129929421;129931258;129932231;129935218;129937670;129942629;129945012;129947186"
"344","ENST00000590619.1",0,NA,NA,0,NA,NA,0,NA,NA,0,NA,NA,0,NA,NA,0,NA,NA,1,"10180381;10180778;10182041;10194820;10218752;10231204","10180569;10180885;10182077;10195135;10218869;10231286",1,"10133345;10134217;10135439;10136121;10137085;10137832;10138439;10139676;10140046;10140254;10140529;10141105;10141697;10143766;10146351;10148884;10149453;10149853;10151398;10151750;10154293;10154586;10154905;10155853;10156391;10159658;10159842;10160018;10160384;10162667;10163326;10166598;10168330;10173090;10173871;10175540;10177292","10133701;10134307;10135852;10136287;10137280;10138009;10138605;10139817;10140130;10140328;10140909;10141572;10142220;10144754;10146524;10149017;10149657;10149968;10151697;10151847;10154479;10154773;10155056;10155945;10156509;10159767;10159922;10160063;10160418;10162748;10163360;10166685;10168364;10173174;10173905;10175618;10177319"
